0,RT @itventsnews: The bear from The Revenant turned up to support Leonardo DiCaprio at the #Oscars... https://t.co/JVFZ7Nq6nI https://t.co/X‚Ä¶,bear revenant turned up support leonardo dicaprio
1,RT @GlamourMagUK: The 12 #Oscars outfits EVERYONE's talking about: https://t.co/gTrsVh2YrN https://t.co/P4oGv2iwvj,12 outfits everyones talking
1,"RT @YahiaFaread: So don't forget, forget about a thing called love.#Oscars üíô https://t.co/uochml8b45",dont notforget forget thing called love üíô
0,RT @FaithChildMusic: 23 years later after his first nom in 1996 üò©üò≠üôåüèæüëèüèæüèÜ This isn't photoshop. So happy for #LeonardoDiCaprio üëäüèæ #Oscars htt‚Ä¶,23 years later first nom 1996 üò©üò≠üôåüèæüëèüèæüèÜ isnt notphotoshop happy üëäüèæ htt‚Ä¶
0,I liked a @YouTube video https://t.co/F7jXi89PZl BEST ACTOR OSCARS 2016 LEONARDO DICAPRIO FULL SPEECH HD,liked video best actor oscars 2016 leonardo dicaprio full speech hd
0,RT @PookisMahi: Oscars 2016: The complete list of winners and nominees https://t.co/mHhqoSqU0S,oscars 2016 complete list winners nominees
0,RT @MOVlECLIPS: LEO'S FULL SPEECH RT TO SAVE A LIFE https://t.co/lvOr4IMOY5,leos full speech save life
1,RT @LeoDiCaprio: Thank you to the Academy and the incredible cast &amp; crew of #TheRevenant. #Oscars,thank academy incredible cast crew
0,RT @fusetv: .@LadyGaga brought sexual assault victims onstage for her incredible #Oscars performance: https://t.co/3VXFLDJoCw https://t.co/‚Ä¶,brought sexual assault victims onstage incredible performance
-1,RT @lipringvocal: LOOK AT THEM BOTH #Oscars https://t.co/Z6touY8zsr,look them
0,"RT @tasharowmanoff: LOOK AT CHRIS EVANS, DAMNNNNN CHRISTOPHER, DAMNNN #OSCARS https://t.co/bjTVQ468pl",look chris evans damnnn christopher damnnn
-1,Daisy presenting 'Best Documentary' at @TheAcademy #Oscars https://t.co/Y16OL9Z4rX,daisy presenting best documentary
-1,RT @alluarjun: Yayyy ! Leonardo DiCaprio wins the OSCARS for BEST ACTOR üëèüèºüëèüèºüëèüèº Been Waiting for last 2 Years to see this! Soo Happy for him‚Ä¶,yayyy leonardo dicaprio wins oscars best actor üëèüèºüëèüèºüëèüèº waiting last 2 years see soo happy him‚Ä¶
1,Red carpet frocks and frills: https://t.co/VJkSSwy8lG,red carpet frocks frills
1,Take Beauty Notes from #Oscars Winners @BrieLarson and #AliciaVikander https://t.co/SQrigHjhqD #candymag,take beauty notes winners
0,"RT @MTV: Soak it up, @LeoDiCaprio. #Oscars https://t.co/10hzfTwVNa",soak up
-1,RT @DaniellePeazer: üôåüèº‚ò∫Ô∏è yayyy for @LeoDiCaprio #Oscars  https://t.co/aJ2tE4TV4v,üôåüèº‚ò∫Ô∏è yayyy
-1,RT @xBesideHemmox: So cute #Oscars https://t.co/xrGtP9JVVE,cute
-1,"You know @TheAcademy is full of old boring people when Spotlight wins over Mad Max. While both good, Mad Max is better by miles #Oscars",know full old boring people spotlight wins over mad max good mad max better miles
0,RT @PookisMahi: Oscars 2016: The complete list of winners and nominees https://t.co/mHhqoSqU0S,oscars 2016 complete list winners nominees
1,RT @supermorgy: Congrats Leo! #Oscars #BestActor #TheRevenant #LeonardoDiCaprio https://t.co/5SPpiuhP4n,congrats leo
-1,"Priyanka Chopra walks down red carpet at Oscars 2016 
 https://t.co/RPXNmdELI4",priyanka chopra walks down red carpet oscars 2016
-1,RT @YahooMoviesUK: Here's all the photos you need to see from the #Oscars: https://t.co/QYkYH0VBw6 https://t.co/e9m3IxODrA,photos need see
1,"RT @danielcohen82: Wow - tweets about Leo beat the Ellen selfie!
How the 2016 #Oscars unfolded on Twitter https://t.co/PTiZuNiUvt https://t‚Ä¶",wow tweets leo beat ellen selfie 2016 unfolded twitter
0,"RT @sweerans: Eddie redmayne's reaction to Alicia Vikander thanking him furing her oscar acceptance speech #Oscars 
My babies üò≠ https://t.c‚Ä¶",eddie redmaynes reaction alicia vikander thanking furing oscar acceptance speech babies üò≠
1,RT @LeoDiCaprio: Thank you to the Academy and the incredible cast &amp; crew of #TheRevenant. #Oscars,thank academy incredible cast crew
1,"RT @Chris_Stuckmann: Spotlight is a very important film, and also a great one. Happy to see it honored. #Oscars",spotlight very important film also great one happy see honored
0,"RT @elizabethforma: And no Best Picture award, but #TheBigShort made clear we will not forget that Wall St broke our economy. This ain't ov‚Ä¶",no notbest picture award made clear will forget wall st broke our economy aint ov‚Ä¶
-1,RT @ZIPERATIVO: Jack &amp; Rose is Real #Oscars https://t.co/q1K1oEL8ex,jack rose real
0,RT @LeoDiCaprioFans: Leo's full Oscar speech. https://t.co/s1nD9bUptb,leos full oscar speech
1,RT @LeoDiCaprio: Thank you to the Academy and the incredible cast &amp; crew of #TheRevenant. #Oscars,thank academy incredible cast crew
0,RT @Independent: Alicia Vikander wins Best Supporting Actress for The Danish Girl #Oscars https://t.co/pTzrF3stk7 https://t.co/GkjdRULXbG,alicia vikander wins best supporting actress danish girl
1,The main highlight would be when @LeoDiCaprio finally won something he deserves.. And the  #Oscars goes tooo...,main highlight finally won something deserves goes tooo
-1,RT @lifeaseva: Leo be waking up tomorrow like #Oscars https://t.co/r3p2JHnYUR,leo waking up tomorrow like
1,RT @eonline: Never forget the day Leonardo DiCaprio made the Internet explode thanks to his #Oscars win: https://t.co/AK6UFtou5Z https://t.‚Ä¶,never forget day leonardo dicaprio made internet explode thanks win
-1,RT @eonline: Kate Winslet and Leonardo DiCaprio are looking at each other here and no one can convince us otherwise. ‚ù§ #Oscars https://t.co‚Ä¶,kate winslet leonardo dicaprio looking other no notone convince otherwise ‚ù§
1,"RT @JoeScaramanga: Roger Deakins this morning... again.
#Oscars https://t.co/zAr60xEqM0",roger deakins morning
-1,RT @MsProudLeanatic: BFF goals ‚ù§Ô∏è #Oscars https://t.co/xxvdbEq62F,bff goals ‚ù§Ô∏è
1,RT @KeeganAllen: Just give @LeoDiCaprio the #oscars ...all of them. Come on now. He is the best actor all the time.,just give them come now best actor time
0,"RT @JustReIatabIe: LEO'S FULL SPEECH

RT TO SAVE A LIFE https://t.co/IdSdoLIYvE",leos full speech save life
0,&amp; here some video highlights of the winners https://t.co/nFNmQ7CYbk #Oscars2016,some video highlights winners
1,"RT @DangMattSmith: After finally winning tonight at the #Oscars , you know @LeoDiCaprio be like... https://t.co/fjrnYjPgDS",finally winning tonight know like
-1,"RT @br_uk: Sorry Leo, this is who should have won Best Actor... #Oscars https://t.co/kyw0QIYk5P",sorry leo won best actor
-1,"RT @AtifaAtiq: How to care your Eyebrows and Eyelashes
https://t.co/r6NnCQCzUX
#HairTransplants
#HairTransplantinAbuDhabi #Oscars #Budget20‚Ä¶",care eyebrows eyelashes
0,RT @gaga_countess: Lady Gaga with all the rape survivors she brought on stage at the #Oscars https://t.co/ZWFn95BOc9,lady ga rape survivors brought stage
1,RT @SecuteBelieber: Leo's speech was so beautiful at the #Oscars https://t.co/fWOxbBN1za,leos speech beautiful
-1,EMILY BLUNT AT THE 2016 OSCARS RED CARPET  https://t.co/n2f5LmM8Fq https://t.co/BWWkFg3fcM,emily blunt 2016 oscars red carpet
1,RT @LeoDiCaprio: Thank you to the Academy and the incredible cast &amp; crew of #TheRevenant. #Oscars,thank academy incredible cast crew
1,RT @LeoDiCaprio: Thank you to the Academy and the incredible cast &amp; crew of #TheRevenant. #Oscars,thank academy incredible cast crew
1,"RT @GuitarmanDan: Whooooo go Leo, you did it! üèÜ #Oscars #LeonardoDiCaprio",whooo go leo üèÜ
-1,"RT @ajplus: The #Oscars this year are white. Like, really white. As in ALL-white.

#OscarsSoWhite
https://t.co/bHNecAlwT0",year white like really white allwhite
1,RT @LeoDiCaprio: Thank you to the Academy and the incredible cast &amp; crew of #TheRevenant. #Oscars,thank academy incredible cast crew
-1,"RT @paddypower: Liverpool's Albert Moreno cruelly overlooked at the Oscars, as well. He's been pretending to be a Premier League defender f‚Ä¶",liverpools albert moreno cruelly overlooked oscars well pretending premier league defender f‚Ä¶
0,"RT @WhiteHouse: Climate change ""is the most urgent threat facing our entire species.""

RT if you agree with @LeoDiCaprio. #Oscars https://t‚Ä¶",climate change most urgent threat facing our entire species agree
-1,RT @TomyKMonster: Rachel McAdams and Kate Winslet crying after Lady Gaga‚Äôs performance. #Oscars https://t.co/DdX0fOunaJ,rachel mcadams kate winslet crying lady ga‚Äôs performance
1,RT @LeoDiCaprio: Thank you to the Academy and the incredible cast &amp; crew of #TheRevenant. #Oscars,thank academy incredible cast crew
0,"Lady Gaga in The Oscars 2016 88th Academy Awards of ""Til It Happens To Y...via  https://t.co/MZA1vRbBHO https://t.co/BbCNb49m9j",lady ga oscars 2016 88th academy awards til happens yvia
-1,"RT @SecuteBelieber: the heart will go on 

#Oscars https://t.co/RJunumT6IG",heart will go
0,"RT @danisnotonfire: shoutout to the real winners of the #Oscars this evening - visibility for lgbt, climate change, sexual abuse victims an‚Ä¶",shoutout real winners evening visibility lgbt climate change sexual abuse victims an‚Ä¶
0,"RT @NotSoSnob: But Spotlight shows the country in so bad light, the church in worst case. Such anti-national film bagged the top award. hey‚Ä¶",spotlight shows country bad light church worst case such antinational film bagged top award hey‚Ä¶
1,RT @LeoDiCaprio: Thank you to the Academy and the incredible cast &amp; crew of #TheRevenant. #Oscars,thank academy incredible cast crew
0,"The wait is over, #LeonardoDiCaprio finally wins at the #Oscars! And the return of #AliG!",wait over finally wins return
0,RT @BBCNewsEnts: And best lead actor goes to Leonardo DiCaprio who's won for The Revenant after 4 previous acting nominations #Oscars https‚Ä¶,best lead actor goes leonardo dicaprio won revenant 4 previous acting nominations https‚Ä¶
1,"RT @MadMaxMovie: They will ride eternal, shiny and with Oscar gold. Congrats to the team from #MadMax: Fury Road. #Oscars https://t.co/FXQa‚Ä¶",will ride eternal shiny oscar gold congrats team fury road
1,RT @LeoDiCaprio: Thank you to the Academy and the incredible cast &amp; crew of #TheRevenant. #Oscars,thank academy incredible cast crew
1,RT @tomlateralinson: #LeonardoDiCaprio Deserved to win the Oscar for best actor and for all the hard work he has done through the years. üò≠üëè‚Ä¶,deserved win oscar best actor hard work done years üò≠üëè‚Ä¶
1,"RT @_collectively: Congrats @LeoDiCaprio, King of the world #oscars https://t.co/o1EvRzS5Yn",congrats king world
1,RT @harpersbazaarus: KATE + LEO FOREVER https://t.co/D3Jh8ljFEB #Oscars https://t.co/MEexAi05iM,kate leo forever
0,RT @WORIDSTARHIPH0P: LEO'S FULL SPEECH RT TO SAVE A LIFE https://t.co/8rsIBrpaZx,leos full speech save life
1,RT @G1MENA: This is love #Oscars https://t.co/bvt1ML1iV3,love
-1,"RT @getfandom: It finally happened, and the Internet has been reborn. #Oscars #LeonardoDiCaprio #TheRevenant https://t.co/GV3LruKoTN",finally happened internet reborn
0,"RT @HistoryPixs: Leonardo DiCaprio and Johnny Depp in the film ""What's Eating Gilbert Grape"". #Oscars https://t.co/AvBA2rgZk8",leonardo dicaprio johnny depp film eating gilbert grape
1,RT @LeoDiCaprio: Thank you to the Academy and the incredible cast &amp; crew of #TheRevenant. #Oscars,thank academy incredible cast crew
1,RT @LeoDiCaprio: Thank you to the Academy and the incredible cast &amp; crew of #TheRevenant. #Oscars,thank academy incredible cast crew
0,Kerry Washington's Hairstylist Dishes on Her Oscars Ponytail https://t.co/8OYCFP2GXk https://t.co/s6LKfqOsKN,kerry washingtons hairstylist dishes oscars ponytail
1,CONGRATS LEO! GLAD TO HEAR THAT! üòäüòâ #Oscars,congrats leo glad hear üòäüòâ
1,RT @hmvtweets: RT &amp; tweet which film YOU think will win #BestPicture at the #Oscars for a chance to win ¬£30 voucher. Use #hmvAwards https:/‚Ä¶,tweet film think will win chance win ¬£30 voucher use
0,RT @PookisMahi: Oscars 2016: The complete list of winners and nominees https://t.co/mHhqoSqU0S,oscars 2016 complete list winners nominees
1,RT @tomlateralinson: #LeonardoDiCaprio Deserved to win the Oscar for best actor and for all the hard work he has done through the years. üò≠üëè‚Ä¶,deserved win oscar best actor hard work done years üò≠üëè‚Ä¶
1,RT @VanityFair: Rachel McAdams standing pretty in pink https://t.co/cwbD0pohxd #VFOscarParty https://t.co/lwRUsE3Fkl,rachel mcadams standing pretty pink
-1,RT @RubyRose: So you mean to tell me that @justinbieber was 1 year old when Toy story came out üòë feeling old #oscars,mean tell 1 year old toy story came üòë feeling old
1,RT @LeoDiCaprio: Thank you to the Academy and the incredible cast &amp; crew of #TheRevenant. #Oscars,thank academy incredible cast crew
0,"RT @Arturo_Sarukhan: Eat your heart out #Trump: üëâüèª #Mexican talent, vision &amp; hard work in the U.S. wins #Oscars for three years in a row",eat heart üëâüèª talent vision hard work wins three years row
1,RT @Amina_1Dx: Leo's speech is honestly everything what an incredible man #Oscar #humanity https://t.co/SwqVMrLmBb,leos speech honestly everything incredible man
0,RT @Newsweek: 'Spotlight' makes history: It's the first movie about journalism to win 'Best Picture' in 70 years https://t.co/DSZmsg69R6,spotlight makes history first movie journalism win best picture 70 years
-1,"RT @IMDb: #Spotlight producer: ""These things are still happening. The story of Spotlight has really just begun."" #Oscars #IMDbOscars",producer things still happening story spotlight really just begun
0,RT @KittiSmit: ‚ÄúClimate change is real. It's the most urgent threat facing our entire species.‚Äù Leonardo DiCaprio #Oscars #NationTV https:/‚Ä¶,‚Äúclimate change real most urgent threat facing our entire species‚Äù leonardo dicaprio
1,"RT @TheDannyDub: Leo always gets the last laugh. 

üñïüèº

#Oscars #LeonardoDiCaprio https://t.co/F2kJFL4l4h",leo always gets last laugh üñïüèº
0,RT @PookisMahi: Oscars 2016: The complete list of winners and nominees https://t.co/mHhqoSqU0S,oscars 2016 complete list winners nominees
-1,"23 years after his first nom in 1996, HE DID IT, seriously couldn't be any more happy for @LeoDiCaprio ‚ù§Ô∏è #Oscars https://t.co/LSNsb68NZw",23 years first nom 1996 seriously couldnt notmore happy ‚ù§Ô∏è
1,RT @LeoDiCaprio: Thank you to the Academy and the incredible cast &amp; crew of #TheRevenant. #Oscars,thank academy incredible cast crew
-1,"@LeoDiCaprio Whole world wanted an OSCAR for u... Success has no words beyond it....
Congratulations SIRRRRR...
#Oscars",whole world wanted oscar success no notwords beyond congratulations sirrr
0,"RT @IndianExpress: PHOTOS | #Oscars 2016: @priyankachopra wears jewellery worth $3.2 mln
https://t.co/lKPvk5PsgZ https://t.co/PXEKhkoduL",photos 2016 wears jewellery worth $32 mln
-1,"RT @berry_sck: This brought tears to my eyes. Leonardo Di Caprio and Kate Winslet are precious. #Oscars

 https://t.co/UHSg7KFIW6",brought tears eyes leonardo di caprio kate winslet precious
1,"RT @VanityFair: The dream team has arrived 
https://t.co/xvjxE12xdP #Oscars #TeamLeo https://t.co/qmDDYGYPDr",dream team arrived
0,"RT @danisnotonfire: shoutout to the real winners of the #Oscars this evening - visibility for lgbt, climate change, sexual abuse victims an‚Ä¶",shoutout real winners evening visibility lgbt climate change sexual abuse victims an‚Ä¶
1,RT @GlamourMagUK: Was Lady Gaga's makeup your favourite beauty look of the #Oscars? https://t.co/z9BZVwQn5X https://t.co/6MjyEjYU1P,lady gas makeup favourite beauty look
1,"RT @ShujaRabbani: So, did Leonardo DiCaprio finally win that Oscar or not? #Oscars #OscarsSoWhite #OscarsRedCarpet #OscarsEnTNT #OscarsLive‚Ä¶",leonardo dicaprio finally win oscar
0,"RT @ABCNetwork: .@SamsungMobileUS presents Leo's Best Actor #Oscars acceptance speech!
 https://t.co/ARdLyQrvjQ via @choding309",presents leos best actor acceptance speech
-1,"RT @SeriesBrazil: Lady Gaga no palco cantando ""Til It Happens to You"". #Oscars #CoberturaSB https://t.co/vl7pY9bC5l",lady ga no notpalco cantando til happens
1,RT @LeoDiCaprio: Thank you to the Academy and the incredible cast &amp; crew of #TheRevenant. #Oscars,thank academy incredible cast crew
1,RT @ItsNSoriano: Pretty much! Congrats @LeoDiCaprio ‚ù§Ô∏èüèÜ #Oscars https://t.co/yxE9MO0lDx,pretty much congrats ‚ù§Ô∏èüèÜ
1,RT @SadHappyAmazing: Congrats to Leonardo DiCaprio! Well deserved! üéâüëè #Oscars https://t.co/cwrV4FIHxP,congrats leonardo dicaprio well deserved üéâüëè
0,RT @KeshaRose: thank u @ladygaga and VP @JoeBiden for bringing attention to sexual assault at the oscars. it hit very close to my heart for‚Ä¶,thank vp bringing attention sexual assault oscars hit very close heart for‚Ä¶
1,Best dress of the night #Oscars  https://t.co/HEYOk6C3jB,best dress night
1,"RT @SdfNik: ""Let us not take this #planet for granted"" -@UN Messenger of #Peace @LeoDiCaprio #ClimateChange #Oscars @GaryLewisUN https://t.‚Ä¶",let take granted messenger
-1,"RT @MisterPreda: An absolutely magical night experiencing old Hollywood glamour at its finest, a night I'll never forget. Thank you, Oscars‚Ä¶",absolutely magical night experiencing old hollywood glamour finest night never forget thank oscars‚Ä¶
1,#Tech News: Watch the Oscars 2016 red carpet looks - The stars graced the red carpet for the 88th Academy Award... https://t.co/nlIF01eRk2,news watch oscars 2016 red carpet looks stars graced red carpet 88th academy award
1,"RT @BetteMidler: The Oscars are today! You know, the awards show where Leonardo DiCaprio is ""overdue"" but black people can ""wait till next ‚Ä¶",oscars today know awards show leonardo dicaprio overdue black people wait till next
1,RT @LeoDiCaprio: Thank you to the Academy and the incredible cast &amp; crew of #TheRevenant. #Oscars,thank academy incredible cast crew
0,RT @LeoDiCaprioFans: Leo's full Oscar speech. https://t.co/s1nD9bUptb,leos full oscar speech
1,RT @LeoDiCaprio: Thank you to the Academy and the incredible cast &amp; crew of #TheRevenant. #Oscars,thank academy incredible cast crew
0,#Tech News: 5 times Priyanka Chopra floored fans at the Oscars https://t.co/MJxoJsRvfV,news 5 times priyanka chopra floored fans oscars
-1,"RT @andrewmartin95_: Well Leo finally won an Oscar and the internet goes nuts! Well done to the guy, he did earn it after all this time #Os‚Ä¶",well leo finally won oscar internet goes nuts well done guy earn time
-1,RT @SummerNazif: MY HEART CAN'T GO ON LIKE THIS. #Oscars https://t.co/9u8f2O6Z7j,heart cant notgo like
1,"RT @Frau_Boateng: STARTED FROM THE BOTTOM...
#Oscars #LeonardoDiCaprio https://t.co/gNMqRYswd6",started bottom
1,RT @NYMag: Take a look back at the film career of Oscar-winner Leonardo DiCaprio: https://t.co/SITZCvPofc #Oscars https://t.co/mlEMjED7ME,take look back film career oscarwinner leonardo dicaprio
0,"RT @SexualGif: LEO'S FULL SPEECH

RT TO SAVE A LIFE https://t.co/nYlzSJRseg",leos full speech save life
1,RT @LeoDiCaprio: Thank you to the Academy and the incredible cast &amp; crew of #TheRevenant. #Oscars,thank academy incredible cast crew
-1,"RT @Lovemymessi: Yaaaaaaaaaayyyyyyyyy!!!! He won oscar!!! &lt;3 at last... Awwwww... love u :-*
#LeonardoDiCaprio #Oscars https://t.co/xk2grbe‚Ä¶",yaayyy won oscar &lt3 last awww love
0,"RT @tasharowmanoff: LOOK AT CHRIS EVANS, DAMNNNNN CHRISTOPHER, DAMNNN #OSCARS https://t.co/bjTVQ468pl",look chris evans damnnn christopher damnnn
1,RT @jesseydeleon: FINALLY!!!! Proud of u baby LOL #oscars https://t.co/ElNzAaU5XJ,finally proud baby lol
0,Stunning Montage Shows Leo‚Äôs Reaction Every Time He Lost At The Oscars [Video]   https://t.co/i59lM74Sb7,stunning montage shows leo‚Äôs reaction every time lost oscars video]
1,We are loving @LeoDiCaprio's #Oscars best actor winning speech. Amazing #ClimateChange leadership! https://t.co/ifJF87Fy10,loving s best actor winning speech amazing leadership
1,RT @LeoDiCaprio: Thank you to the Academy and the incredible cast &amp; crew of #TheRevenant. #Oscars,thank academy incredible cast crew
0,"RT @daanialler: ""leo took the time to mention climate change &amp; indigenous people in a moment he could have focused on himself"" this man is ‚Ä¶",leo took time mention climate change indigenous people moment focused man
-1,Chris Rock's Oscars monologue: The best celebrity reaction gifs https://t.co/L23c5pfgpO https://t.co/NUdxDtnTA4,chris rocks oscars monologue best celebrity reaction gifs
0,"RT @MTV: And we do not take you for granted, @LeoDiCaprio: https://t.co/29M4J5oYMv #Oscars https://t.co/Zqg8CoV6o6",take granted
0,"RT @WhiteHouse: Climate change ""is the most urgent threat facing our entire species.""

RT if you agree with @LeoDiCaprio. #Oscars https://t‚Ä¶",climate change most urgent threat facing our entire species agree
-1,"RT @Kathyyx_: It‚Äôs all over now, no more Leo memes. We can all go home now. :( #Oscars https://t.co/qVBcncren7",it‚Äôs over now no notmore leo mes go home now
1,"RT @Monsieur_RJ: LOOOOOOOOOOOL ""@paynhero: THE BEST REACTIONüòÇ #Oscars https://t.co/GQZ39OKdcG""",loool best reactionüòÇ
1,RT @LeoDiCaprio: Thank you to the Academy and the incredible cast &amp; crew of #TheRevenant. #Oscars,thank academy incredible cast crew
0,RT @SadHappyAmazing: Alan Rickman in 1970s.  Rest in peace. #Oscars https://t.co/4AKa40dT6L,alan rickman 1970s rest peace
1,RT @LeoDiCaprio: Thank you to the Academy and the incredible cast &amp; crew of #TheRevenant. #Oscars,thank academy incredible cast crew
-1,RT @HeeriPeeri: So precious this. #Oscars #LeoKate https://t.co/lJiw6JhtSx,precious
1,RT @LeoDiCaprio: Thank you to the Academy and the incredible cast &amp; crew of #TheRevenant. #Oscars,thank academy incredible cast crew
0,"Every time Chris Rock spoke, all I could hear was the zebra from Madagascar #Oscars",every time chris rock spoke hear zebra madagascar
1,RT @LeoDiCaprio: Thank you to the Academy and the incredible cast &amp; crew of #TheRevenant. #Oscars,thank academy incredible cast crew
1,RT @LeoDiCaprio: Thank you to the Academy and the incredible cast &amp; crew of #TheRevenant. #Oscars,thank academy incredible cast crew
1,RT @ronanofficial: Congrats to @LeoDiCaprio for his first @Oscars_Live not just for @RevenantMovie but for what he has given us his entire ‚Ä¶,congrats first just given entire
0,"RT @SweetLoveMsg: LEONARDO DICAPRIO WINNING THE ""BEST ACTOR"" #Oscars¬† 2016 https://t.co/dqWq46mwww",leonardo dicaprio winning best actor 2016
1,RT @paynhero: THE BEST REACTIONüòÇ #Oscars https://t.co/P04iPKwn6V,best reactionüòÇ
1,RT @LeoDiCaprio: Thank you to the Academy and the incredible cast &amp; crew of #TheRevenant. #Oscars,thank academy incredible cast crew
1,RT @LeoDiCaprio: Thank you to the Academy and the incredible cast &amp; crew of #TheRevenant. #Oscars,thank academy incredible cast crew
0,"RT @girlposts: LEO'S FULL OSCAR ACCEPTANCE SPEECH

https://t.co/Xzu2my40KH",leos full oscar acceptance speech
-1,RT @pretareporter: #Oscars: @LadyGaga looked totally perfect in @brandonmaxwell https://t.co/wldJ1tcyVg https://t.co/bQLfRYgm7F,looked totally perfect
0,RT @BazaarUK: Watch Leonardo DiCaprio's Oscar acceptance speech here: https://t.co/f1BCRVz7yt #Oscars https://t.co/UaU9FLncGe,watch leonardo dicaprios oscar acceptance speech
1,Oscars 2016: Full List of Winners https://t.co/4PRUzkg3DB via @Talkmuzikdotcom,oscars 2016 full list winners
0,"RT @CNN: ""We want opportunities ..."" Highlights from #ChrisRock's opening monologue at the #Oscars https://t.co/QK28HefPOh https://t.co/Px9‚Ä¶",want opportunities highlights s opening monologue
1,RT @LeoDiCaprio: Thank you to the Academy and the incredible cast &amp; crew of #TheRevenant. #Oscars,thank academy incredible cast crew
1,RT @getshxrlock: THIS IS A FRIENDSHIP #Oscars https://t.co/1be7717OVu,friendship
1,"My portrait of Alejandro Gonzalez #Inarritu, winner best #director, #oscars¬†#movies #cinema , #hollywood #revenant https://t.co/BqhgUYpkzZ",portrait alejandro gonzalez winner best
1,RT @LeoDiCaprio: Thank you to the Academy and the incredible cast &amp; crew of #TheRevenant. #Oscars,thank academy incredible cast crew
0,RT @NZStuff: Oscars: Kiwi victory and disappointment at film's biggest day out https://t.co/YVFIqzgiRr https://t.co/36HqhI8WVN,oscars kiwi victory disappointment films biggest day
1,RT @Awards_Oscars: Beautiful Jennifer Lawrence! #Oscars https://t.co/HPHhhr4Wlw,beautiful jennifer lawrence
1,RT @LeoDiCaprio: Thank you to the Academy and the incredible cast &amp; crew of #TheRevenant. #Oscars,thank academy incredible cast crew
1,RT @LeoDiCaprio: Thank you to the Academy and the incredible cast &amp; crew of #TheRevenant. #Oscars,thank academy incredible cast crew
1,Video game oscars (kind of): https://t.co/rpBdYky1XD,video game oscars kind
1,RT @_OnlyWayIsEssex: Leonardo DiCaprio &amp; Kate Winslet need to be a couple üòçüò© #Oscars #Oscars2016 https://t.co/KUMcyLv8m3,leonardo dicaprio kate winslet need couple üòçüò©
1,RT @DamnAddictions: THIS IS STILL FUNNY #Oscars  https://t.co/zntkyGNkdg,still funny
1,RT @BBCNewsEnts: Here's @LeoDiCaprio's message to the world after his #Oscars win https://t.co/0sKgEB71H0 https://t.co/PvrIrBar33,s message world win
-1,#Daybreaknation with Oscars and cooler weather.  https://t.co/dHVaDsFlje https://t.co/UnKJI8Nxfy,oscars cooler weather
1,"RT @filmfare: Check out the complete winners list of the 88th Academy Awards.

#Oscars

https://t.co/Oiad8v8ytI https://t.co/er2SRA8DPL",check complete winners list 88th academy awards
1,RT @LeoDiCaprio: Thank you to the Academy and the incredible cast &amp; crew of #TheRevenant. #Oscars,thank academy incredible cast crew
1,RT @secutekidrauhl: This is love #Oscars https://t.co/8NJeHFjdk0,love
0,"RT @ABCNetwork: Relive @brielarson's Best Actress #Oscars acceptance speech presented by @SamsungMobileUS.
https://t.co/eaXbDmI9pB",relive s best actress acceptance speech presented
1,"RT @LilTunechi: Dam i hav to hit the stage &amp; kant watch the Oscars. But rootin for my brother, Leonardo DiCaprio to take it home.",dam hav hit stage kant watch oscars rootin brother leonardo dicaprio take home
1,RT @TheAcademy: Backstage at the #Oscars with @priyankachopra https://t.co/9CGBCMjS8K,backstage
1,RT @LeoDiCaprio: Thank you to the Academy and the incredible cast &amp; crew of #TheRevenant. #Oscars,thank academy incredible cast crew
1,who do you think were the real winners at the Oscars?,think real winners oscars
1,"YESSSS SAM &lt;3
 https://t.co/VMK7gv1EXr via @voxdotcom",yess sam &lt3
0,"RT @SexualGif: LEO'S FULL SPEECH

RT TO SAVE A LIFE https://t.co/nYlzSJRseg",leos full speech save life
-1,At the Oscars party in LA. Definition the most under dressed...,oscars party la definition most dressed
1,RT @_grahamyoung: Good luck! #Brum's own #Oscars nominee Sean Connolly - Shaun The Sheep https://t.co/1q5ty3zB0n https://t.co/AF9i4k8oH1,good luck s nominee sean connolly shaun sheep
1,"RT @usweekly: Of course, Leo DiCaprio and Kate Winslet were ADORABLE at the #Oscars! https://t.co/UN0tynLeg0 https://t.co/6hFPrb9jnC",course leo dicaprio kate winslet adorable
1,RT @LeoDiCaprio: Thank you to the Academy and the incredible cast &amp; crew of #TheRevenant. #Oscars,thank academy incredible cast crew
1,It's like he heard my rant! TY @LeoDiCaprio for using your #Oscars win to #IgniteChange to help our #Environment!üåç‚ù§Ô∏è https://t.co/XeezlLdbzW,like heard rant ty using win help our üåç‚ù§Ô∏è
0,(Stars and Stripes) Oscars crown 'Spotlight' but diversity had the limelight: In an underdog win for... https://t.co/CjdwRDhHbK #Military,stars stripes oscars crown spotlight diversity limelight underdog win
0,The best moment at the #Oscars was #StaceyDash and her #awkward appearance #foreverclueless #BlackHistoryMonth  https://t.co/MbG8RumWg2,best moment appearance
-1,"RT @THEMAZEKILLS: THIS IS SO IMPORTANT
THIS IS SO IMPORTANT
THIS IS SO IMPORTANT #Oscars https://t.co/N50qdYqVbS",important important important
-1,RT @cocainezayn: the fact they allowed this guy to mock black struggles is disgusting https://t.co/3CgAAoIonC,fact allowed guy mock black struggles disgusting
1,RT @NYMag: Take a look back at the film career of Oscar-winner Leonardo DiCaprio: https://t.co/SITZCvPofc #Oscars https://t.co/mlEMjED7ME,take look back film career oscarwinner leonardo dicaprio
0,"RT @tasharowmanoff: LOOK AT CHRIS EVANS, DAMNNNNN CHRISTOPHER, DAMNNN #OSCARS https://t.co/bjTVQ468pl",look chris evans damnnn christopher damnnn
0,RT @SoDamnTrue: Lady Gaga slayed meüò≠üò≠ https://t.co/NIkanwtExN,lady ga slayed meüò≠üò≠
1,RT @LeoDiCaprio: Thank you to the Academy and the incredible cast &amp; crew of #TheRevenant. #Oscars,thank academy incredible cast crew
1,Watched Stutterer here. Loved it. #Oscars https://t.co/8SM6VXUfur,watched stutter loved
0,"RT @ABCNetwork: .@SamsungMobileUS presents Leo's Best Actor #Oscars acceptance speech!
 https://t.co/sTyiWPxu5N via @JoseLuisHS_",presents leos best actor acceptance speech
1,"RT @intriguinglwt: in honor of leo finally winning his oscar tonight, here's him at the oscars in 1994 looking beautiful as always https://‚Ä¶",honor leo finally winning oscar tonight oscars 1994 looking beautiful always
0,RT @PookisMahi: Oscars 2016: The complete list of winners and nominees https://t.co/mHhqoSqU0S,oscars 2016 complete list winners nominees
1,RT @LeoDiCaprio: Thank you to the Academy and the incredible cast &amp; crew of #TheRevenant. #Oscars,thank academy incredible cast crew
1,"yesterday's oscars made justice to one of the best italian artists ever. congrats ennio morricone!

GRAZIE MAESTRO! https://t.co/B2wWq8USFz",yesterdays oscars made justice one best italian artists ever congrats ennio morricone grazie maestro
1,RT @khaleejtimes: Here are a few glimpses from the 88th #Oscars - https://t.co/HQ9Y9dbE60  #AcademyAwards https://t.co/OdNIkEMQrK,few glimpses 88th
0,RT @ABC: Kate Winslet cries after Leonardo DiCaprio wins his first #Oscar for 'The Revenant' #Oscars https://t.co/u9el38gpVG https://t.co/4‚Ä¶,kate winslet cries leonardo dicaprio wins first revenant
-1,RT @SummerNazif: MY HEART CAN'T GO ON LIKE THIS. #Oscars https://t.co/9u8f2O6Z7j,heart cant notgo like
-1,Wayt to go! This is Leo at the after party! #Oscars #LeonardoDiCaprio  https://t.co/sPgqkCOjxo,wayt go leo party
-1,RT @ddlovato: Aaaannndd that was the only time Stacy Dash will ever be at the Oscars again.,aannndd only time stacy dash will ever oscars
1,RT @LeoDiCaprio: Thank you to the Academy and the incredible cast &amp; crew of #TheRevenant. #Oscars,thank academy incredible cast crew
0,RT @KeshaRose: thank u @ladygaga and VP @JoeBiden for bringing attention to sexual assault at the oscars. it hit very close to my heart for‚Ä¶,thank vp bringing attention sexual assault oscars hit very close heart for‚Ä¶
-1,"Alejandro Gonzalez I√±arritu, you are a  genious! The 2nd #Oscars for 2 years! Soon gonna be a legendary director as Spielberg or Scorsese! üëç",alejandro gonzalez i√±arritu genious 2nd 2 years soon gonna legendary director spielberg scorse üëç
0,RT @selenajezus: only leo who did a powerful speech about global issues &amp; this is the reason why he deserves more than anyone #Oscars https‚Ä¶,only leo powerful speech global issues reason why deserves more anyone https‚Ä¶
0,"RT @SexualGif: LEO'S FULL SPEECH

RT TO SAVE A LIFE https://t.co/nYlzSJRseg",leos full speech save life
1,RT @kerrywashington: Chills! Wow. Thank you @JoeBiden #Oscars  https://t.co/OAYQ1ZL5LF,chills wow thank
-1,RT @flosdrums: NOW KISS #Oscars https://t.co/6aR1c0Ta2Q,now kiss
0,"RT @ComplexMag: Watch @ChrisRock's opening monologue at the 2016 #Oscars.
https://t.co/1Mb3eVy2Tu",watch s opening monologue 2016
0,RT @TheAffinityMag: Leo's Oscar speech about climate change and indigenous people. BRAVOüëèüèªüëèüèª https://t.co/JcBqzXUBHb #Oscars,leos oscar speech climate change indigenous people bravoüëèüèªüëèüèª
0,RT @Red_Razz: Watch this beautiful film that shows a year in the life...of a raspberry. #RaspberryRedCarpet #RedRazz #Oscars https://t.co/b‚Ä¶,watch beautiful film shows year lifeof raspberry
-1,"RT @iamwandasykes: Aw man, I missed my name drop  at the Oscars.  I was on a plane.  But one of my white best friends was sending me update‚Ä¶",aw man missed name drop oscars plane one white best friends sending update‚Ä¶
1,Correct! So much #appreciation and #respect to #leonardodicaprio at the #oscars for speaking out‚Ä¶ https://t.co/WmznSnbK8u,correct much speaking out‚Ä¶
0,RT @WhoWhatWear: YESSSSS #LeonardoDiCaprio is Best Actor! #Oscars https://t.co/blqC9iFXnM,yesss best actor
0,"RT @meanpIastic: LEO'S FULL SPEECH

RT TO SAVE A LIFE https://t.co/IDXU6zalBU",leos full speech save life
1,RT @people: ICYMI: @KevinHart4real was on üî• in head-to-toe @dolcegabbana https://t.co/k6dk8kwTuQ via @People_Style #Oscars https://t.co/sjt‚Ä¶,icymi üî• headtotoe
0,Movie starring Romanian actor wins one of the #Oscars https://t.co/tEV6mWghjc https://t.co/oplmxpBBmZ,movie starring romanian actor wins one
0,RT @FaithChildMusic: 23 years later after his first nom in 1996 üò©üò≠üôåüèæüëèüèæüèÜ This isn't photoshop. So happy for #LeonardoDiCaprio üëäüèæ #Oscars htt‚Ä¶,23 years later first nom 1996 üò©üò≠üôåüèæüëèüèæüèÜ isnt notphotoshop happy üëäüèæ htt‚Ä¶
0,"RT @washingtonpost: If the Oscars were all about diversity, why the crude Asian joke? https://t.co/OqCVgnwuen https://t.co/Untmex3IdM",oscars diversity why crude asian joke
1,RT @LatinoVoices: For Your Consideration... #OscarsSoWhite https://t.co/C42HT49irE https://t.co/N8L2XDXclS,consideration
1,"""Let us not take the planet for granted. I do not take this night for granted."" 
-Leo DiCaprio üôåüò≠
#Oscars",let take planet granted take night granted leo dicaprio üôåüò≠
1,RT @JosephKocharian: Lace detail &amp; embellishment for @Nikecourt @Wimbledon outfits please! #oscars @serenawilliams @MariaSharapova https://‚Ä¶,lace detail embellishment outfits please
1,RT @LeoDiCaprio: Thank you to the Academy and the incredible cast &amp; crew of #TheRevenant. #Oscars,thank academy incredible cast crew
-1,"RT @shxrlocked: He was eating cookies during the comercials
What a babe
#Oscars https://t.co/TuD2T4OqQw",eating cookies comercials babe
1,"RT @IMDb: Congratulations, @LeoDiCaprio! #Oscars https://t.co/71Fvl6u39e https://t.co/3sHe7zabZU",congratulations
-1,RT @usweekly: Jack and Rose forever! üíô https://t.co/S81teLxSqB #Oscars https://t.co/VWrOlncE62,jack rose forever üíô
-1,RT @lipringvocal: LOOK AT THEM BOTH #Oscars https://t.co/Z6touY8zsr,look them
0,RT @GistPH: Friendship level: #KateWinslet &amp; @LeoDiCaprio üò≠ #Oscars https://t.co/c2PxeLknhI,friendship level üò≠
0,RT @WashTimes: #LeonardoDiCaprio uses #Oscars speech to address #climatechange: https://t.co/BH0hlNGUkY,uses speech address
0,RT @meanpIastic: I love that lady gaga brought awareness to rape culture that affects men and women https://t.co/VNkJtEQne7,love lady ga brought awareness rape culture affects men women
1,RT @calumisacutie: EVERYONE SHOULD BE ABLE TO WITNESS LEO'S SPEECH  https://t.co/JWW7aNmzI7,everyone able witness leos speech
-1,"RT @TheEllenShow: He did it! He really did it! @LeoDiCaprio, I love you #Oscars",really love
1,RT @MossBros: We can 100% imagine this was @LeoDiCaprio after his #Oscars win. Well done Leo! &gt; https://t.co/BDO9VDl1cd,100% imagine win well done leo &gt
0,RT @OHHMYGAGAcom: #GALER√çA | Lady Gaga cantando Til It Happens To You en los #Oscars: https://t.co/JXyT5F7VSh https://t.co/SGBKRpXN3Z,√≠a lady ga cantando til happens en los
1,RT @LeoDiCaprio: Thank you to the Academy and the incredible cast &amp; crew of #TheRevenant. #Oscars,thank academy incredible cast crew
0,"#How To Watch The 2016 Oscars On TV, Online And On Your iPhone Or Android¬†Devices https://t.co/ZQCbDnqXGY",watch 2016 oscars tv online iphone android devices
0,RT @frangipaliam: ryan reynolds hosting the oscars 2017 in his deadpool suit rt if you agree,ryan reynolds hosting oscars 2017 deadpool suit agree
0,"RT @gagadaily: Lady Gaga with Taylor Kinney, Diane Warren and Cynthia Germanotta #Oscars https://t.co/uUvgQxAolZ",lady ga taylor kinney diane warren cynthia germanotta
-1,RT @people: .@chrisrock is 'Dad of the Year' after selling his daughters' @girlscouts cookies at #Oscars https://t.co/x68XsGL6Pl https://t.‚Ä¶,dad year selling daughters cookies
-1,RT @THRGlobal: #Oscars: Brit Doc 'Amy' Wins Best Documentary Feature https://t.co/v5fsWwRKml https://t.co/9q96DS26iH,brit doc amy wins best documentary feature
1,RT @oliverproudlock: Finally. üôèüèª #oscars https://t.co/Do4EtV0yAf,finally üôèüèª
-1,RT @THRGlobal: #Oscars: Brit Doc 'Amy' Wins Best Documentary Feature https://t.co/v5fsWwRKml https://t.co/9q96DS26iH,brit doc amy wins best documentary feature
1,"RT @pattig0mez: We've all been waiting for this moment for a long, long time. Cheers to you, #Leo. Internet... go nuts. #Oscars https://t.c‚Ä¶",waiting moment long long time cheers internet go nuts
1,RT @TheAcademy: Congratulations to all of tonight's #Oscars winners! https://t.co/YOp04hk94S,congratulations tonights winners
1,"RT @everyone_hatess: Always in our hearts Alan Rickman. 
#oscars https://t.co/8beQsysYPS",always our hearts alan rickman
0,"RT @RTE_TEN: The wait is over as #LeonardoDiCaprio finally wins at #Oscars for #TheRevenant. More on @RTE2 tonight at 9.
https://t.co/8zZeD‚Ä¶",wait over finally wins more tonight 9
-1,RT @MichelleGomez: Who wore it best? Well it is Oscar night. #Oscars https://t.co/lYvlpWJjWW,wore best well oscar night
1,RT @LeoDiCaprio: Thank you to the Academy and the incredible cast &amp; crew of #TheRevenant. #Oscars,thank academy incredible cast crew
1,RT @LeoDiCaprio: Thank you to the Academy and the incredible cast &amp; crew of #TheRevenant. #Oscars,thank academy incredible cast crew
1,RT @LeoDiCaprio: Thank you to the Academy and the incredible cast &amp; crew of #TheRevenant. #Oscars,thank academy incredible cast crew
-1,"RT @TheBabyGuyNYC: that time Jennifer Garner walked out and everyone was like ""sorry, ben"" #oscars",time jennifer garner walked everyone like sorry ben
0,"RT @reIatabIe: LEO'S FULL SPEECH

RT TO SAVE A LIFE https://t.co/iqTVXGgJnC",leos full speech save life
1,RT @LeoDiCaprio: Thank you to the Academy and the incredible cast &amp; crew of #TheRevenant. #Oscars,thank academy incredible cast crew
1,"RT @SdfNik: ""Let us not take this #planet for granted"" -@UN Messenger of #Peace @LeoDiCaprio #ClimateChange #Oscars @GaryLewisUN https://t.‚Ä¶",let take granted messenger
1,RT @harpersbazaarus: KATE + LEO FOREVER https://t.co/D3Jh8ljFEB #Oscars https://t.co/MEexAi05iM,kate leo forever
1,RT @GMA: Retweet if you think @LeoDiCaprio is finally going to win an #Oscar tonight. #Oscars https://t.co/zJAvCInIrJ,retweet think finally going win tonight
1,"RT @chrissgardner: Then best actress fave Brie Larson gets up, hugs each, every one. #Oscars https://t.co/OI3cFZaLtl",best actress fave brie larson gets up hugs every one
1,Finally! Great #LeoDicaprio  #Oscars,finally great
0,"RT @dolcegabbana: Morricone, winner of the Best Original Score award, wearing #dolcegabbana, to the 88th Annual Academy Awards #Oscars http‚Ä¶",morricone winner best original score award wearing 88th annual academy awards http‚Ä¶
1,RT @LeoDiCaprio: Thank you to the Academy and the incredible cast &amp; crew of #TheRevenant. #Oscars,thank academy incredible cast crew
1,RT @flannelsfashion: Congratulations to @LeoDiCaprio on his much deserved Oscars win last night! #Oscars2016 #TeamLeo #LeonardoDiCaprio htt‚Ä¶,congratulations much deserved oscars win last night htt‚Ä¶
1,RT @LeoDiCaprio: Thank you to the Academy and the incredible cast &amp; crew of #TheRevenant. #Oscars,thank academy incredible cast crew
0,"Federer attended The Oscars!  He was promoting a new film titled, ""Surgery Won't Slow Me Down."" #federer @rogerfederer @FedererFans3 #atp",feder attended oscars promoting new film titled surgery wont notslow down
-1,RT @JarettSays: Kate Winslet watching Leo DiCaprio's #Oscars acceptance speech had me crying https://t.co/NxmwAvEyLi,kate winslet watching leo dicaprios acceptance speech crying
-1,RT @MLS: Can't believe they're wearing the same outfit on the red carpet üò≥ #Oscars https://t.co/fePGvDkcHx,cant notbelieve wearing same outfit red carpet üò≥
-1,"RT @Kathyyx_: It‚Äôs all over now, no more Leo memes. We can all go home now. :( #Oscars https://t.co/qVBcncren7",it‚Äôs over now no notmore leo mes go home now
1,RT @TheEllenShow: Congrats @samsmithworld on a beautiful speech and @ladygaga on a moving performance #Oscars,congrats beautiful speech moving performance
1,RT @pewdiepie: OMG LEO WON YEEEES #Oscars,omg leo won yees
1,"We call him Leonardo Pikachu hereüòÑ
Congrats #Oscars  https://t.co/2xC1jAi7VO",call leonardo pikachu hereüòÑ congrats
0,"RT @UNFCCC: .@LeoDiCaprio uses #Oscars acceptance speech to highlight need for #climateaction #GlobalGoals #ParisAgreement
https://t.co/HTG‚Ä¶",uses acceptance speech highlight need
-1,RT @ThisIsFusion: Chris Rock's Oscars monologue: The best celebrity reaction gifs https://t.co/L23c5pfgpO https://t.co/NUdxDtnTA4,chris rocks oscars monologue best celebrity reaction gifs
1,"And Brie Larson is just a phenomenal actress, ever since. P.S. she's also kick-ass!  
 
*venting about the Oscars, done.*",brie larson just phenomenal actress ever since ps also kickass venting oscars done
-1,"RT @Variety: .@LeoDiCaprio gets his Oscar engraved at the Governors Ball: ""Do you do this every year? I wouldn't know."" #Oscars
https://t.c‚Ä¶",gets oscar engraved governors ball every year wouldnt notknow
1,RT @OMFGITSOSCAR: Finally. #oscars https://t.co/imOFbr7wfu,finally
0,RT @19SamNasri: Incredible speech from an incredible man #Oscar #humanity https://t.co/t5EDL22JMw,incredible speech incredible man
1,RT @LeoDiCaprio: Thank you to the Academy and the incredible cast &amp; crew of #TheRevenant. #Oscars,thank academy incredible cast crew
1,RT @LeoDiCaprio: Thank you to the Academy and the incredible cast &amp; crew of #TheRevenant. #Oscars,thank academy incredible cast crew
0,RT @SteveStfler: Kesha made a post to Lady Gaga for standing up for sexual assault at the oscars üò≠üò≠üò≠ https://t.co/9zA1bwlZTD,kesha made post lady ga standing up sexual assault oscars üò≠üò≠üò≠
0,RT @PookisMahi: Oscars 2016: The complete list of winners and nominees https://t.co/mHhqoSqU0S,oscars 2016 complete list winners nominees
1,"RT @KittiSmit: ‚ÄúI stand here as a proud, gay man and I hope one day we can all stand as equals‚Äù - Sam Smith #Oscars #NationTV https://t.co/‚Ä¶",‚Äúi stand proud gay man hope one day stand equals‚Äù sam smith
1,RT @MTVNews: Something good finally happened to Leonardo DiCaprio. https://t.co/HSHqqBGcMP  #Oscars https://t.co/3fW8zQQU7r,something good finally happened leonardo dicaprio
1,RT @paynhero: THE BEST REACTIONüòÇ #Oscars https://t.co/P04iPKwn6V,best reactionüòÇ
1,RT @LeoDiCaprio: Thank you to the Academy and the incredible cast &amp; crew of #TheRevenant. #Oscars,thank academy incredible cast crew
0,RT @WeLoveRobDyrdek: LEO'S FULL SPEECH RT TO SAVE A LIFE https://t.co/iDPZr6YbGs,leos full speech save life
0,Federer was at the oscars.,feder oscars
1,OSCARS 2016: SEE THE FULL WINNERS¬†LIST https://t.co/IobTlhmI1N https://t.co/1mQB0z0DJZ,oscars 2016 see full winners list
1,RT @LeoDiCaprio: Thank you to the Academy and the incredible cast &amp; crew of #TheRevenant. #Oscars,thank academy incredible cast crew
1,RT @LeoDiCaprio: Thank you to the Academy and the incredible cast &amp; crew of #TheRevenant. #Oscars,thank academy incredible cast crew
1,"RT @QueenRania: An epic film, a brilliant team, and a beautiful adventure! @TheebFilm proud of you for taking #Jordan to the #Oscars",epic film brilliant team beautiful adventure proud taking
0,Chris Rock transforms Oscars into biting racial commentary https://t.co/onGoILaGyh,chris rock transforms oscars biting racial commentary
0,RT @JarettSays: Wands up. #InMemoriam #Oscars https://t.co/wR6Hc4UShP,wands up
1,RT @BBCNewsEnts: Here's @LeoDiCaprio's message to the world after his #Oscars win https://t.co/0sKgEB71H0 https://t.co/PvrIrBar33,s message world win
1,"RT @sundaranana: #Oscars If every child knows about different cultures, the world would be a happier &amp; nicer place. @SriSi @WCF2016 https:/‚Ä¶",every child knows different cultures world happier nicer place
0,RT @BBCBreaking: #Oscars: Leonardo Di Caprio wins 'Best Actor' for #TheRevenant https://t.co/m50w6juNOD https://t.co/yzXHHOfwPy,leonardo di caprio wins best actor
-1,RT @htlifeandstyle: We loved that @priyankachopra gown but we're still obessing over these looks from #Oscars https://t.co/0FDIM05grY https‚Ä¶,loved gown still obessing over looks https‚Ä¶
1,RT @LeoDiCaprio: Thank you to the Academy and the incredible cast &amp; crew of #TheRevenant. #Oscars,thank academy incredible cast crew
1,RT @iHUSB: Congratulations Sharmeen Obaid Chinoy for winning second  #Oscars award @sharmeenochinoy. Really proud of you‚ù§Ô∏è ‚ù§Ô∏è. https://t.co‚Ä¶,congratulations sharmeen obaid chinoy winning second award really proud you‚ù§Ô∏è ‚ù§Ô∏è
1,RT @ItsNSoriano: Pretty much! Congrats @LeoDiCaprio ‚ù§Ô∏èüèÜ #Oscars https://t.co/yxE9MO0lDx,pretty much congrats ‚ù§Ô∏èüèÜ
0,RT @Newsweek: Leonardo DiCaprio's impassioned speech about climate change at the #Oscars https://t.co/rmCXb2dNnh,leonardo dicaprios impassioned speech climate change
1,"RT @wellathon_: Our Title Sponsor @wellness_24X7 
#RunforWellness #Wellathon #Mumbai #Bandra #Oscars https://t.co/fTzAlug0md",our title sponsor
1,RT @ohhsomerhalder: BLESS THIS MAN @LeoDiCaprio #Oscars https://t.co/6FsPy9VT4P,bless man
0,RT @ENews: Leonardo DiCaprio FINALLY wins Best Actor at the #Oscars for his role in The Revenant: https://t.co/SbXnrUJinR https://t.co/gPxQ‚Ä¶,leonardo dicaprio finally wins best actor role revenant
-1,RT @erinruberry: Never forget the greatest #Oscars red carpet moment ever https://t.co/hdeF09zjcR,never forget greatest red carpet moment ever
1,RT @LeoDiCaprio: Thank you to the Academy and the incredible cast &amp; crew of #TheRevenant. #Oscars,thank academy incredible cast crew
1,RT @LeoDiCaprio: Thank you to the Academy and the incredible cast &amp; crew of #TheRevenant. #Oscars,thank academy incredible cast crew
1,"RT @elwa: LEO ‚ù£
Finally! #oscars https://t.co/TNNuyLRYvh",leo ‚ù£ finally
1,"I slept through most of the Oscars and magically woke up 2 minutes before Brie Larson won best actress, thanks @ my brain x",slept most oscars magically woke up 2 minutes brie larson won best actress thanks brain x
1,RT @EW: FINALLY. #Oscars https://t.co/MyCwQNrzR4,finally
1,"RT @SdfNik: ""Let us not take this #planet for granted"" -@UN Messenger of #Peace @LeoDiCaprio #ClimateChange #Oscars @GaryLewisUN https://t.‚Ä¶",let take granted messenger
1,RT @LeoDiCaprio: Thank you to the Academy and the incredible cast &amp; crew of #TheRevenant. #Oscars,thank academy incredible cast crew
0,RT @ATPWorldTour: .@rogerfederer attends the 88th @TheAcademy Awards with #Hollywood's elite. https://t.co/iqZiE87NdF #atp #tennis https://‚Ä¶,attends 88th awards s elite
0,RT @SteveStfler: Kesha made a post to Lady Gaga for standing up for sexual assault at the oscars üò≠üò≠üò≠ https://t.co/9zA1bwlZTD,kesha made post lady ga standing up sexual assault oscars üò≠üò≠üò≠
0,"RT @MashableNews: Leo calls for action on #climatechange during his acceptance speech. #Oscars
https://t.co/F4yGRbWpqt",leo calls action acceptance speech
0,RT @SteveStfler: Kesha made a post to Lady Gaga for standing up for sexual assault at the oscars üò≠üò≠üò≠ https://t.co/9zA1bwlZTD,kesha made post lady ga standing up sexual assault oscars üò≠üò≠üò≠
1,RT @LeoDiCaprio: Thank you to the Academy and the incredible cast &amp; crew of #TheRevenant. #Oscars,thank academy incredible cast crew
1,RT @eonline: Eddie Redmayne looks at Alicia Vikander the way we look at Friday. üòçüòçüòç #Oscars https://t.co/OgL23e44nH,eddie redmayne looks alicia vikander way look friday üòçüòçüòç
1,RT @LeoDiCaprio: Thank you to the Academy and the incredible cast &amp; crew of #TheRevenant. #Oscars,thank academy incredible cast crew
1,RT @supermorgy: Congrats Leo! #Oscars #BestActor #TheRevenant #LeonardoDiCaprio https://t.co/5SPpiuhP4n,congrats leo
1,RT @LeoDiCaprio: Thank you to the Academy and the incredible cast &amp; crew of #TheRevenant. #Oscars,thank academy incredible cast crew
-1,RT @ELLEmagazine: Watch The Weeknd Sing His Fifty Shades Song at the Oscars https://t.co/G5Vm3KUHFX https://t.co/A6O8qN1vFP,watch weeknd sing fifty shades song oscars
1,RT @LeoDiCaprio: Thank you to the Academy and the incredible cast &amp; crew of #TheRevenant. #Oscars,thank academy incredible cast crew
-1,"Oscar win?! Who cares!!! It leg day baby!

#oscars #leo bodysculptors #personaltrainer‚Ä¶ https://t.co/mU8QcLf78H",oscar win cares leg day baby bodysculptors
0,RT @WORLDSTARC0MEDY: LEO'S FULL SPEECH RT TO SAVE A LIFE https://t.co/LZ7bq83dJ5,leos full speech save life
1,Congrats #LeonardoDiCaprio !! ‚ù§Ô∏è #oscars,congrats ‚ù§Ô∏è
-1,"RT @SecuteBelieber: the heart will go on 

#Oscars https://t.co/RJunumT6IG",heart will go
1,RT @LeoDiCaprio: Thank you to the Academy and the incredible cast &amp; crew of #TheRevenant. #Oscars,thank academy incredible cast crew
1,"RT @ikramarki: Now, Leonardo Dicaprio be like.. 

#Oscars https://t.co/grmeUqOBfX",now leonardo dicaprio like
1,RT @LeoDiCaprio: Thank you to the Academy and the incredible cast &amp; crew of #TheRevenant. #Oscars,thank academy incredible cast crew
0,"Hear my @FilmIreland interview with last night's #Oscars winner for #ExMachina VFX artist Mark Ardington 

https://t.co/Ta65t0i0mW",hear interview last nights winner vfx artist mark ardington
1,RT @LeoDiCaprio: Thank you to the Academy and the incredible cast &amp; crew of #TheRevenant. #Oscars,thank academy incredible cast crew
1,"RT @BetteMidler: The Oscars are today! You know, the awards show where Leonardo DiCaprio is ""overdue"" but black people can ""wait till next ‚Ä¶",oscars today know awards show leonardo dicaprio overdue black people wait till next
1,Well done Leonardo DiCaprio and Mark Rylance! Great actors who much deserve their success! #Oscars,well done leonardo dicaprio mark rylance great actors much deserve success
1,RT @TheAcademy: Congratulations to all of tonight's #Oscars winners! https://t.co/YOp04hk94S,congratulations tonights winners
0,RT @justlisaxx: He's waited 19 years. no one more deserving ‚ù§Ô∏è #Oscars  https://t.co/VEoDkop5Nu,waited 19 years no notone more deserving ‚ù§Ô∏è
-1,RT @PopCrave: A 22-year difference. Wow. #Oscars https://t.co/WY1UdJNuD3,22year difference wow
0,RT @washingtonpost: Black actors present at the Oscars way more often than they win. What does that mean? https://t.co/9MpGhjsLyE,black actors present oscars way more often win mean
0,RT @gagadaily: Lady Gaga attends the Vanity Fair #Oscars after-party in Brandon Maxwell https://t.co/b4Clvg5K5V,lady ga attends vanity fair afterparty brandon maxwell
1,RT @LeoDiCaprio: Thank you to the Academy and the incredible cast &amp; crew of #TheRevenant. #Oscars,thank academy incredible cast crew
-1,"I'm so happy that Leo won an Oscar, he's so precious and he deserved it! üòç #Oscars",happy leo won oscar precious deserved üòç
1,"RT @pattig0mez: We've all been waiting for this moment for a long, long time. Cheers to you, #Leo. Internet... go nuts. #Oscars https://t.c‚Ä¶",waiting moment long long time cheers internet go nuts
-1,"RT @Variety: .@LeoDiCaprio gets his Oscar engraved at the Governors Ball: ""Do you do this every year? I wouldn't know."" #Oscars
https://t.c‚Ä¶",gets oscar engraved governors ball every year wouldnt notknow
1,RT @LeoDiCaprio: Thank you to the Academy and the incredible cast &amp; crew of #TheRevenant. #Oscars,thank academy incredible cast crew
1,RT @LeoDiCaprio: Thank you to the Academy and the incredible cast &amp; crew of #TheRevenant. #Oscars,thank academy incredible cast crew
1,Oscars 2016: Full List of Winners https://t.co/7mvZJ6yeEz via @Talkmuzikdotcom,oscars 2016 full list winners
0,RT @VanityFair: VF's favorite Oscar couples of 2016 https://t.co/2pgLY5bpgs #Oscars https://t.co/novsTw3Ov2,vfs favorite oscar couples 2016
1,"RT @AVAETC: Much love, Jason. Wish you were at #Oscars for your fab performance. But happy you're standing w/ #JusticeForFlint. https://t.c‚Ä¶",much love jason wish fab performance happy standing w
0,RT @FaithChildMusic: 23 years later after his first nom in 1996 üò©üò≠üôåüèæüëèüèæüèÜ This isn't photoshop. So happy for #LeonardoDiCaprio üëäüèæ #Oscars htt‚Ä¶,23 years later first nom 1996 üò©üò≠üôåüèæüëèüèæüèÜ isnt notphotoshop happy üëäüèæ htt‚Ä¶
0,RT @PookisMahi: Oscars 2016: The complete list of winners and nominees https://t.co/mHhqoSqU0S,oscars 2016 complete list winners nominees
1,RT @TheOnion: Leonardo DiCaprio Kisses Bear Before Going Up To Receive Oscar https://t.co/NXk2z7i1eN #Oscars https://t.co/j4mHsLocpj,leonardo dicaprio kisses bear going up receive oscar
1,RT @LeoDiCaprio: Thank you to the Academy and the incredible cast &amp; crew of #TheRevenant. #Oscars,thank academy incredible cast crew
0,RT @ABC: The #Oscar for Best Actor in a¬†Leading Role goes¬†to Leonardo DiCaprio for The Revenant. #Oscars https://t.co/8D1MASHhpI,best actor leading role goes leonardo dicaprio revenant
1,"Oscars 2016: 10 things we learned: Including ‚Ä¶ everyone loves Leonardo DiCaprio, no-one has a clue who‚Äôs going to‚Ä¶ https://t.co/2CIZ8sqINe",oscars 2016 10 things learned including everyone loves leonardo dicaprio noone clue who‚Äôs going to‚Ä¶
-1,RT @VanityFair: Nobody enters the #VFOscarParty like @jtimberlake https://t.co/kyPa4PSxAI https://t.co/klhhFAiRR0,nobody enters like
1,RT @LeoDiCaprio: Thank you to the Academy and the incredible cast &amp; crew of #TheRevenant. #Oscars,thank academy incredible cast crew
1,RT @LeoDiCaprio: Thank you to the Academy and the incredible cast &amp; crew of #TheRevenant. #Oscars,thank academy incredible cast crew
0,RT @FaithChildMusic: 23 years later after his first nom in 1996 üò©üò≠üôåüèæüëèüèæüèÜ This isn't photoshop. So happy for #LeonardoDiCaprio üëäüèæ #Oscars htt‚Ä¶,23 years later first nom 1996 üò©üò≠üôåüèæüëèüèæüèÜ isnt notphotoshop happy üëäüèæ htt‚Ä¶
1,RT @LeoDiCaprio: Thank you to the Academy and the incredible cast &amp; crew of #TheRevenant. #Oscars,thank academy incredible cast crew
0,RT @TheGlobalGoals: INCREDIBLE. Leonardo DiCaprio dedicates his #Oscars speech to the FIGHT for #Goal15 - Climate Action. #GlobalGoals http‚Ä¶,incredible leonardo dicaprio dedicates speech fight climate action http‚Ä¶
1,RT @michcoll: I've been very anti-scrolling-thank-yous until this. #Oscars https://t.co/xyMXj9TAOv,very antiscrollingthankyous
0,RT @Madan_Chikna: Husband and Wife. #Oscars https://t.co/EC4xrSMqfS,husband wife
1,"https://t.co/EPR9XCD5FC
I think Leo had far more deserving roles but oscars took attention to eating raw fish ? ‚ù§Ô∏è Leo",think leo far more deserving roles oscars took attention eating raw fish ‚ù§Ô∏è leo
1,Well done @asifkapadia not only was he nominated but he won an #Oscars... So much for #OscarsSoWhite.. #AmyTheMovie https://t.co/gV5Q3HEinl,well done only nominated won much
-1,RT @TheMasterBucks: Leo walking into the #Oscars¬† after party like..... https://t.co/GcVX0ulfru,leo walking party like
1,"RT @GwenefyND: Thank God for awards 2016 üôèüèª‚ù§Ô∏è
Kate &amp; Leo forever üíû
#Oscars¬† #LeoDicaprio #KateWinslet https://t.co/YaMl4qOYK8",thank god awards 2016 üôèüèª‚ù§Ô∏è kate leo forever üíû
0,RT @PookisMahi: Oscars 2016: The complete list of winners and nominees https://t.co/mHhqoSqU0S,oscars 2016 complete list winners nominees
1,RT @LeoDiCaprio: Thank you to the Academy and the incredible cast &amp; crew of #TheRevenant. #Oscars,thank academy incredible cast crew
1,RT @LeoDiCaprio: Thank you to the Academy and the incredible cast &amp; crew of #TheRevenant. #Oscars,thank academy incredible cast crew
0,"RT @shxrlocked: Alicia Vikander won her first Oscar for her performance in The Danish Girl.
I'M SO PROUD
#Oscars https://t.co/rqOFH23EKr",alicia vikander won first oscar performance danish girl proud
1,RT @LeoDiCaprio: Thank you to the Academy and the incredible cast &amp; crew of #TheRevenant. #Oscars,thank academy incredible cast crew
1,RT @BritishVogue: #Oscars: Daisy Ridley made her Academy Awards debut in glittering Chanel Couture https://t.co/tY6Z9GV4aa,daisy ridley made academy awards debut glittering chanel couture
0,RT @RoseAnnDeMoro: #BestActressHillary wins @ #Oscars for saying she 'supports Universal Healthcare' but won't support #MedicareForAll http‚Ä¶,wins saying supports universal healthcare wont notsupport http‚Ä¶
-1,RT @Refinery29: ACTUAL FOOTAGE OF LEO CELEBRATING RN. #Oscars https://t.co/pMZSSTfvwK,actual footage leo celebrating rn
-1,RT @Cosmopolitan: WHOOMP THERE IT IS #Oscars  https://t.co/LNI8txKnIg via @dongdonghae1986,whoomp
0,"RT @grist: .@LeoDiCaprio makes impassioned plea for action on #climatechange, justice for indigenous people in #Oscars speech.
https://t.co‚Ä¶",makes impassioned plea action justice indigenous people speech
1,RT @MossBros: We can 100% imagine this was @LeoDiCaprio after his #Oscars win. Well done Leo! &gt; https://t.co/BDO9VDl1cd,100% imagine win well done leo &gt
-1,RT @people: .@chrisrock is 'Dad of the Year' after selling his daughters' @girlscouts cookies at #Oscars https://t.co/x68XsGL6Pl https://t.‚Ä¶,dad year selling daughters cookies
1,RT @plasticdale: This is amazing‚Ä¶ Thank you so much for all your support. This awards means everything to me. I finally reached my goal. #O‚Ä¶,amazing‚Ä¶ thank much support awards means everything finally reached goal
1,RT @LeoDiCaprio: Thank you to the Academy and the incredible cast &amp; crew of #TheRevenant. #Oscars,thank academy incredible cast crew
1,RT @LeoDiCaprio: Thank you to the Academy and the incredible cast &amp; crew of #TheRevenant. #Oscars,thank academy incredible cast crew
-1,"RT @AdamSidebottom: I'm not usually bothered about the Oscars but it's about time Leo has won one, he should've won one years ago tbh!",usually bothered oscars time leo won one shouldve won one years ago tbh
0,@skynews OSCARS: Spotlight triumph a victory for investigative journalism on a huge issue as well as brilliant film-making,oscars spotlight triumph victory investigative journalism huge issue well brilliant filmmaking
0,"RT @Dory: LEO'S FULL SPEECH

RT TO SAVE A LIFE https://t.co/wblwFJLPgk",leos full speech save life
1,RT @LeoDiCaprio: Thank you to the Academy and the incredible cast &amp; crew of #TheRevenant. #Oscars,thank academy incredible cast crew
0,RT @priyankachopra: And the gold confetti comes down on us! What an evening! #Oscars @Pharrell @anjulaacharia https://t.co/PlerZMNaHr,gold confetti comes down evening
1,Made up! I adore @LeoDiCaprio - my favourite actor and by far the best I've ever seen! Nobody deserved to win an Oscar more than him #Oscars,made up adore favourite actor far best ever seen nobody deserved win oscar more
1,"RT @armani: Congrats to @LeoDiCaprio, clad in a #GiorgioArmani tuxedo, for his Best Actor win at the #Oscars. #ArmaniStars https://t.co/ltE‚Ä¶",congrats clad tuxedo best actor win
1,"RT @SdfNik: ""Let us not take this #planet for granted"" -@UN Messenger of #Peace @LeoDiCaprio #ClimateChange #Oscars @GaryLewisUN https://t.‚Ä¶",let take granted messenger
0,RT @BBCWorld: Chris Rock starts the #Oscars with a monologue addressing the lack of diversity in Hollywood https://t.co/UNuRSgFJAu https://‚Ä¶,chris rock starts monologue addressing lack diversity hollywood
1,RT @LeoDiCaprio: Thank you to the Academy and the incredible cast &amp; crew of #TheRevenant. #Oscars,thank academy incredible cast crew
-1,RT @amenklaroline: KATE AND LEO ENUF SAID #Oscars https://t.co/2EU4ANXKjW,kate leo enuf said
0,RT @WORLDSTARVlNE: LEO'S FULL SPEECH RT TO SAVE A LIFE https://t.co/Bj2k1T9ELV,leos full speech save life
-1,"RT @TOMS: With the help of @AttahNii, we're giving 10k pairs of shoes to kids in need in his home country of Ghana. #Oscars https://t.co/HJ‚Ä¶",help giving 10k pairs shoes kids need home country ghana
-1,RT @karlstilgoe: Woke up and now can't sleep because I'm seeing if Di Caprio finally wins an Oscar #Oscars,woke up now cant notsleep seeing di caprio finally wins oscar
1,RT @Amina_1Dx: Leo's speech is honestly everything what an incredible man #Oscar #humanity https://t.co/SwqVMrLmBb,leos speech honestly everything incredible man
1,RT @itsjenIawrence: SLAY #Oscars https://t.co/KTx65VOANJ,slay
0,"RT @Dory: LEO'S FULL SPEECH

RT TO SAVE A LIFE https://t.co/wblwFJLPgk",leos full speech save life
1,RT @LeoDiCaprio: Thank you to the Academy and the incredible cast &amp; crew of #TheRevenant. #Oscars,thank academy incredible cast crew
1,RT @SRKUniverse: Congratulations @LeoDiCaprio #Oscars https://t.co/xQ3spib9gX,congratulations
-1,RT @VarietyBeat: Photos: Taylor Swift And Lorde Attend The Vanity Fair Oscars After¬†Party https://t.co/1SWltyTegg https://t.co/dRfPLA6bEx,photos taylor swift lorde attend vanity fair oscars party
1,"RT @ShujaRabbani: So, did Leonardo DiCaprio finally win that Oscar or not? #Oscars #OscarsSoWhite #OscarsRedCarpet #OscarsEnTNT #OscarsLive‚Ä¶",leonardo dicaprio finally win oscar
1,RT @opfavestyles: Margot Robbie #Oscars https://t.co/VGRP2advkJ,margot robbie
1,Glad to see Mad Max winning a few oscars. That film was seriously awesome.,glad see mad max winning few oscars film seriously awesome
-1,Damn Leo üòÇ #Oscars #Oscars2016 #LeonardoDiCaprio https://t.co/X8zhtTnvvA,damn leo üòÇ
1,RT @LeoDiCaprio: Thank you to the Academy and the incredible cast &amp; crew of #TheRevenant. #Oscars,thank academy incredible cast crew
-1,RT @Zahriano: Guys..today could be the last day ever that Leo doesn‚Äôt have an oscar..wow what a feeling!!!!!!!! #Oscars @LeoDiCaprio,guystoday last day ever leo doesn‚Äôt oscarwow feeling
1,RT @LeoDiCaprio: Thank you to the Academy and the incredible cast &amp; crew of #TheRevenant. #Oscars,thank academy incredible cast crew
1,"RT @lebolukewarm: Leo at the #Oscars 22yrs ago nominated for the fist time. It took him 22yrs, we could all learn something from this https‚Ä¶",leo 22yrs ago nominated fist time took 22yrs learn something https‚Ä¶
0,"RT @danisnotonfire: shoutout to the real winners of the #Oscars this evening - visibility for lgbt, climate change, sexual abuse victims an‚Ä¶",shoutout real winners evening visibility lgbt climate change sexual abuse victims an‚Ä¶
1,RT @LeoDiCaprio: Thank you to the Academy and the incredible cast &amp; crew of #TheRevenant. #Oscars,thank academy incredible cast crew
-1,"RT @paddypower: Mad Max wins six Oscars, yet LVG wins nowt for this? Oscars so white? Oscars so shite, more like. https://t.co/mk5zGBBFqL",mad max wins six oscars yet lvg wins nowt oscars white oscars shite more like
1,RT @LeoDiCaprio: Thank you to the Academy and the incredible cast &amp; crew of #TheRevenant. #Oscars,thank academy incredible cast crew
1,"RT @SunPerks: It may not an #Oscars goody bag, but HEY! Win #TheRevenant #PerksPrizes from @HarperCollinsUK follow &amp; RT to enter https://t.‚Ä¶",may goody bag hey win follow enter
-1,RT @drgarden: Is this real life or #inception? #Oscars #LeonardoDiCaprio https://t.co/hAHgzybJMr,real life
0,"RT @Variety: Leonardo DiCaprio tries to keep a straight face answering this reporter's question #Oscars
https://t.co/KjF2JzZIYf",leonardo dicaprio tries keep straight face answering reporters question
-1,Woke up to find that #LeonardoDiCaprio  has won an Oscar! ‚ú® Someone I looked up to for so long. He deserved it! #CongratsLeo #Oscars,woke up find won oscar ‚ú® someone looked up long deserved
1,RT @LeoDiCaprio: Thank you to the Academy and the incredible cast &amp; crew of #TheRevenant. #Oscars,thank academy incredible cast crew
1,RT @LeoDiCaprio: Thank you to the Academy and the incredible cast &amp; crew of #TheRevenant. #Oscars,thank academy incredible cast crew
1,RT @pewdiepie: OMG LEO WON YEEEES #Oscars,omg leo won yees
1,RT @LeoDiCaprio: Thank you to the Academy and the incredible cast &amp; crew of #TheRevenant. #Oscars,thank academy incredible cast crew
1,RT @LeoDiCaprio: Thank you to the Academy and the incredible cast &amp; crew of #TheRevenant. #Oscars,thank academy incredible cast crew
0,"RT @NaomiPescovitz: In an upset, 'Spotlight' wins best picture at #Oscars - #WTHRSunrise https://t.co/owwP48mbGD https://t.co/mexCWsh9Sp",upset spotlight wins best picture
1,RT @LeoDiCaprio: Thank you to the Academy and the incredible cast &amp; crew of #TheRevenant. #Oscars,thank academy incredible cast crew
-1,"RT @iamwandasykes: Aw man, I missed my name drop  at the Oscars.  I was on a plane.  But one of my white best friends was sending me update‚Ä¶",aw man missed name drop oscars plane one white best friends sending update‚Ä¶
1,RT @LeoDiCaprio: Thank you to the Academy and the incredible cast &amp; crew of #TheRevenant. #Oscars,thank academy incredible cast crew
1,RT @RUStudentLife: Never give up on your dreams. #Oscars https://t.co/1lSm2AxGgZ,never give up dreams
-1,RT @Primark: We'll just leave this here... üëè #Oscars https://t.co/BepH41lQ3p,just leave üëè
0,RT @Express_Pics: Oscars 2016: #EmilyRatajkowski #HeidiKlum &amp; #MariahCarey sizzle at #EltonJohnOscarParty https://t.co/oGfXQnsAB0 https://t‚Ä¶,oscars 2016 sizzle
1,"RT @LoganLynn: Thank you, @ChrissyTeigen.  Your reaction to @REALStaceyDash perfectly sums up the moment.

#Oscars #StaceyDash üòµ https://t.‚Ä¶",thank reaction perfectly sums up moment üòµ
1,RT @MyUNiDAYS: Well done Leo! It was about time too üèÜ #Oscars https://t.co/MGVFpQqfrc,well done leo time üèÜ
0,RT @WeLoveRobDyrdek: LEO'S FULL SPEECH RT TO SAVE A LIFE https://t.co/iDPZr6YbGs,leos full speech save life
-1,RT @isthatzoje: Just when I thought I had seen all their pictures these showed up. THEY LITERALLY OWNED THE #Oscars https://t.co/zMg2N04ZOz,just thought seen pictures showed up literally owned
0,RT @WORLDSTAR: Leonardo DiCaprio wins his first Academy Award for lead actor for his role in #TheRevenant #Oscars https://t.co/JAH5JoHJFS,leonardo dicaprio wins first academy award lead actor role
0,"RT @peta: ""Climate change is real ... it is the most urgent threat facing our entire species"" Leo DiCaprio #Oscars #Cowspiracy https://t.co‚Ä¶",climate change real most urgent threat facing our entire species leo dicaprio
-1,"RT @ASOS_Us: You guys, this happened... #Oscars https://t.co/6valjVsySE",guys happened
0,"RT @reIatabIe: LEO'S FULL SPEECH

RT TO SAVE A LIFE https://t.co/iqTVXGgJnC",leos full speech save life
1,RT @bellathorne: Hahah oh my god @chrisrock is so funny #oscars,hah oh god funny
1,"RT @VictoriaJustice: Excited 2 see the Oscars tonight! Personally loved Room, The Danish Girl, &amp; Love &amp; Mercy.What were some of ur faves? h‚Ä¶",excited 2 see oscars tonight personally loved room danish girl love mercywhat some ur faves h‚Ä¶
-1,RT @looge_pooge: the dundies &gt; the oscars,dundies &gt oscars
1,RT @LeoDiCaprio: Thank you to the Academy and the incredible cast &amp; crew of #TheRevenant. #Oscars,thank academy incredible cast crew
1,RT @LeoDiCaprio: Thank you to the Academy and the incredible cast &amp; crew of #TheRevenant. #Oscars,thank academy incredible cast crew
-1,RT @AmazingPhil: YESS GIVE MAD MAX ALL THE OSCARS,yess give mad max oscars
0,"Oscars 2016: Leo finally gets his first win, while 'Spotlight' upsets 'The Revenant'",oscars 2016 leo finally gets first win spotlight upsets revenant
-1,The #Oscars looked like a #Trump rally...very few PoC to be found. #OscarsSoWhite #Trumpwouldbeproud,looked like rallyvery few poc found
1,"RT @shxrlocked: Mark Ruffalo congratulates Leonardo DiCaprio backstage.
This picture is gold
#Oscars https://t.co/7M4KNDosd8",mark ruffalo congratulates leonardo dicaprio backstage picture gold
1,RT @JamilSmith: That Stacey Dash moment might be the first time an #Oscars telecast has aired a #BlackTwitter inside joke.,stacey dash moment might first time telecast aired inside joke
0,And #Oscars goes to ... #SongManse from JangYongsil dramaüòÜüëèüèª #‡∏ú‡∏¥‡∏î üòÇüòÇ https://t.co/zowfmHHzXP,goes jangyongsil dramaüòÜüëèüèª #‡∏ú‡∏¥‡∏î üòÇüòÇ
1,RT @TIME: See all the winners at the 2016 Oscars so far https://t.co/RgOhvwP52n,see winners 2016 oscars far
-1,"RT @SecuteBelieber: the heart will go on 

#Oscars https://t.co/RJunumT6IG",heart will go
1,RT @EW: The Internet's favorite dresses from the 2016 #Oscars: https://t.co/AAOQZ5Xoyl https://t.co/3IDQhmPJ5L,internets favorite dresses 2016
1,RT @LeoDiCaprio: Thank you to the Academy and the incredible cast &amp; crew of #TheRevenant. #Oscars,thank academy incredible cast crew
1,RT @micnews: Kate‚Äôs face during Leo‚Äôs win tho #Oscars https://t.co/80iNHTBqmQ,kate‚Äôs face leo‚Äôs win tho
-1,RT @nowthisnews: Louis CK was the best presenter of the night #Oscars https://t.co/RVeeBmRAYm,louis ck best presenter night
0,"RT @Channel4News: .@LeoDiCaprio chose to highlight the threat of climate change in his #Oscars acceptance speech for best actor.
https://t.‚Ä¶",chose highlight threat climate change acceptance speech best actor
0,RT @Dory: Kesha made a post to Lady Gaga for standing up for sexual assault at the oscars üò≠üò≠üò≠ https://t.co/rbukY7mINI,kesha made post lady ga standing up sexual assault oscars üò≠üò≠üò≠
0,Black Hollywood Gets In Formation: Boycotts #Oscars For #JUSTICEFORFLINT https://t.co/oMQ9sc3VnS https://t.co/n9OBPuvDfw,black hollywood gets formation boycotts
1,RT @ShujaRabbani: Do you think Leonardo DiCaprio will win an Oscar this year? #Oscars,think leonardo dicaprio will win oscar year
0,"RT @ClNEMAH: 2016 Oscars winners:

Best picture: Spotlight
Best actor: Leonardo DiCaprio
Best actress: Brie Larson
Best supporting actor: M‚Ä¶",2016 oscars winners best picture spotlight best actor leonardo dicaprio best actress brie larson best supporting actor m‚Ä¶
1,RT @LeoDiCaprio: Thank you to the Academy and the incredible cast &amp; crew of #TheRevenant. #Oscars,thank academy incredible cast crew
-1,"RT @Khizer731: Leo just exploded the internet .
#oscars",leo just exploded internet
0,RT @TomyKMonster: Lady Gaga posing with the rape survivors she brought on-stage at the #Oscars. https://t.co/FFjgIjN9v0,lady ga posing rape survivors brought onstage
0,RT @PookisMahi: Oscars 2016: The complete list of winners and nominees https://t.co/mHhqoSqU0S,oscars 2016 complete list winners nominees
1,RT @calumisacutie: EVERYONE SHOULD BE ABLE TO WITNESS LEO'S SPEECH  https://t.co/JWW7aNmzI7,everyone able witness leos speech
1,RT @LeoDiCaprio: Thank you to the Academy and the incredible cast &amp; crew of #TheRevenant. #Oscars,thank academy incredible cast crew
0,"RT @filmcrewnews: The Best Things Winners Leonardo DiCaprio, Brie Larson and More Said Backstage at the 2016 Academy Awards https://t.co/9u‚Ä¶",best things winners leonardo dicaprio brie larson more said backstage 2016 academy awards
0,RT @TiffanyAndCo: Actress @SophieT turned heads in a Tiffany necklace and #TiffanySoleste earrings on the #Oscars red carpet tonight. https‚Ä¶,actress turned heads tiffany necklace earrings red carpet tonight https‚Ä¶
1,RT @iMunyba: Leo to all haters #Oscars #TheRevenant https://t.co/U8jvIJDGYk,leo haters
1,RT @pewdiepie: OMG LEO WON YEEEES #Oscars,omg leo won yees
-1,"RT @Kathyyx_: It‚Äôs all over now, no more Leo memes. We can all go home now. :( #Oscars https://t.co/qVBcncren7",it‚Äôs over now no notmore leo mes go home now
-1,RT @hmdousari: Just when I thought I had seen all their pictures these showed up. THEY LITERALLY OWNED THE #Oscars https://t.co/JwEK6wUYuP,just thought seen pictures showed up literally owned
0,RT @ENews: Lady Gaga is joined onstage by rape survivors during a powerful performance at the #Oscars: https://t.co/Sy2EQep9Pl https://t.co‚Ä¶,lady ga joined onstage rape survivors powerful performance
1,RT @LogoTV: Congrats #InsideOut! Winning Best Animated Feature at the #Oscars. (GIFs: @giphy) https://t.co/cC5pc6GyVr,congrats winning best animated feature gifs
0,RT @PookisMahi: Oscars 2016: The complete list of winners and nominees https://t.co/mHhqoSqU0S,oscars 2016 complete list winners nominees
1,RT @BuzzFeed: Here are the winners at the 2016 #Oscars https://t.co/fwIgbEzEjI https://t.co/Gxim8aeW0T,winners 2016
-1,"RT @TheEllenShow: He did it! He really did it! @LeoDiCaprio, I love you #Oscars",really love
0,RT @TheAcademy: Alicia Vikander with her new friend backstage at the #Oscars https://t.co/st6xNLQIZu,alicia vikander new friend backstage
1,RT @JBrunzGaming: The God damn best reaction video to #leo winning an #Oscars üòÇüòÇüíØüíØüëçüëçüëç https://t.co/04XrRfkQm6,god damn best reaction video winning üòÇüòÇüíØüíØüëçüëçüëç
0,RT @ENews: Leonardo DiCaprio FINALLY wins Best Actor at the #Oscars for his role in The Revenant: https://t.co/SbXnrUJinR https://t.co/gPxQ‚Ä¶,leonardo dicaprio finally wins best actor role revenant
1,RT @ItsNSoriano: Pretty much! Congrats @LeoDiCaprio ‚ù§Ô∏èüèÜ #Oscars https://t.co/yxE9MO0lDx,pretty much congrats ‚ù§Ô∏èüèÜ
1,RT @kerrywashington: Chills! Wow. Thank you @JoeBiden #Oscars  https://t.co/OAYQ1ZL5LF,chills wow thank
1,RT @opfavestyles: How can Margot Robbie be so beautiful? #Oscars https://t.co/J09Xr1YaSn,margot robbie beautiful
0,My feels‚ù§ @ The Oscars 88th Academy Awards 2016 https://t.co/uMykTu7ON8,feels‚ù§ oscars 88th academy awards 2016
1,Congrats Baby Leo üòç #Oscars,congrats baby leo üòç
-1,RT @MadMaxMovieUK: What a day! Mad Max: Fury Road wins 6 #Oscars. Valhalla awaits! Available to buy now https://t.co/Px0AQIKwVZ https://t.c‚Ä¶,day mad max fury road wins 6 valhalla awaits available buy now
1,RT @pewdiepie: OMG LEO WON YEEEES #Oscars,omg leo won yees
0,"RT @Greenpeace: ""Let us not take this planet for granted. I do not take this night for granted."" Bravo @LeoDiCaprio

#Oscars https://t.co/b‚Ä¶",let take planet granted take night granted bravo
1,RT @calumisacutie: EVERYONE SHOULD BE ABLE TO WITNESS LEO'S SPEECH  https://t.co/JWW7aNmzI7,everyone able witness leos speech
0,"RT @UNFCCC: .@LeoDiCaprio uses #Oscars acceptance speech to highlight need for #climateaction #GlobalGoals #ParisAgreement
https://t.co/HTG‚Ä¶",uses acceptance speech highlight need
0,"RT @danisnotonfire: shoutout to the real winners of the #Oscars this evening - visibility for lgbt, climate change, sexual abuse victims an‚Ä¶",shoutout real winners evening visibility lgbt climate change sexual abuse victims an‚Ä¶
1,I think Austin is the date of Taylor on Vanity Fair #Oscars,think austin date taylor vanity fair
-1,RT @people: So THIS just happened on @JimmyKimmelLive üò±üòÇ https://t.co/Rf7ztI9Jwz #Oscars,just happened üò±üòÇ
0,RT @PookisMahi: Oscars 2016: The complete list of winners and nominees https://t.co/mHhqoSqU0S,oscars 2016 complete list winners nominees
1,RT @santa_banta: When PC made heads turn at #Oscars red carpet https://t.co/LOQfRYpEBZ @priyankachopra #Bollywood https://t.co/2361gt0zFI,pc made heads turn red carpet
1,RT @SadHappyAmazing: Congrats to Leonardo DiCaprio! Well deserved! üéâüëè #Oscars https://t.co/cwrV4FIHxP,congrats leonardo dicaprio well deserved üéâüëè
-1,RT @StylinsonCraze: And the #Oscars for the Best Romantic &amp; Heartbreaking Story goes to....... None other than Larry Stylinson !!!! https:/‚Ä¶,best romantic heartbreaking story goes none other larry stylinson
1,RT @LeoDiCaprio: Thank you to the Academy and the incredible cast &amp; crew of #TheRevenant. #Oscars,thank academy incredible cast crew
1,I think my girl is happy @lipstickkelly @georgenorthwood #alicavikander #Oscars2016 #Oscars https://t.co/MtoJKdz54d,think girl happy
0,RT @WORIDSTARHIPH0P: LEO'S FULL SPEECH RT TO SAVE A LIFE https://t.co/8rsIBrpaZx,leos full speech save life
-1,Lady Gaga looked lovely and so did her fianc√©e if I do say so myself and I do! #Oscars https://t.co/QR9Pcgf1rP,lady ga looked lovely fianc√©e say myself
-1,"RT @Kathyyx_: It‚Äôs all over now, no more Leo memes. We can all go home now. :( #Oscars https://t.co/qVBcncren7",it‚Äôs over now no notmore leo mes go home now
1,RT @LeoDiCaprio: Thank you to the Academy and the incredible cast &amp; crew of #TheRevenant. #Oscars,thank academy incredible cast crew
1,RT @LeoDiCaprio: Thank you to the Academy and the incredible cast &amp; crew of #TheRevenant. #Oscars,thank academy incredible cast crew
1,"RT @SdfNik: ""Let us not take this #planet for granted"" -@UN Messenger of #Peace @LeoDiCaprio #ClimateChange #Oscars @GaryLewisUN https://t.‚Ä¶",let take granted messenger
