0,RT @DebnamCarey: @MisElizaJane - my partner in crime and one hell of a leading lady. What a powerhouse.  #the100,partner crime one hell leading lady powerhouse
0,RT @DebnamCarey: @MisElizaJane - my partner in crime and one hell of a leading lady. What a powerhouse.  #the100,partner crime one hell leading lady powerhouse
1,RT @AdinaPorter: @iamAvgeropoulos was also very good tonight. #the100,also very good tonight
1,"RT @RichardSHarmon: Season 3, Episode 7. You all ready? Murphy is. #The100 https://t.co/10wc41AsKQ",season 3 episode 7 ready murphy
0,"RT @DebnamCarey: The actors on #the100, who are beyond supportive, hardworking and blow my mind with their talent! What a lucky playground ‚Ä¶",actors beyond supportive hardworking blow mind talent lucky playground
0,RT @DebnamCarey: @MisElizaJane - my partner in crime and one hell of a leading lady. What a powerhouse.  #the100,partner crime one hell leading lady powerhouse
-1,RT @asianscaper: You guys absolutely blew it for the queer fandom &amp; for queer rep on TV @JRothenbergTV @kimshum #The100 #Clexa  https://t.c‚Ä¶,guys absolutely blew queer fandom queer rep tv
0,RT @DebnamCarey: @MisElizaJane - my partner in crime and one hell of a leading lady. What a powerhouse.  #the100,partner crime one hell leading lady powerhouse
-1,"RT @Mr_Sacho: MURPHYS PECS!
@RichardSHarmon #MiddleChest
#The100",murphys pecs
1,"RT @JRothenbergTV: I think @DebnamCarey deserves a lot of love tonight, as I know this was hard for her too. She‚Äôs one of a kind. #The100",think deserves lot love tonight know hard she‚Äôs one kind
-1,Lexa Kom Trikru ... you certainly left your mark  ‚öî I Bow Down to you #fictionalchracterattachments #The100,lexa kom trikru certainly left mark ‚öî bow down
-1,"Love you Clexa's fam, so much ‚ù§Ô∏è #Clexa #Lexa #The100",love clexas fam much ‚ù§Ô∏è
-1,RT @skyxprisa: Lexa cried after clarke kissed her. Im never gonna be okay again #clexa #The100 https://t.co/HiERi4VKxS,lexa cried clarke kissed never gonna okay
0,RT @DebnamCarey: @MisElizaJane - my partner in crime and one hell of a leading lady. What a powerhouse.  #the100,partner crime one hell leading lady powerhouse
-1,"I LITERALLY CRIED AND SCREAMED I WANNA SET THINGS ON FIRE TITUS YOU LITTLE SHIT I HOPE YOU DIE A SLOW, PAINFUL, INHUMANE DEATH. #The100",literally cried screamed wanna set things fire titus little shit hope die slow painful inhumane death
-1,"You already know that the next episode of #The100 will have A LOT less viewers
This was such a shitty thing to do to us",already know next episode will lot less viewers such shitty thing
1,RT @DebnamCarey: The fans. Thank you for being there with Lexa - for your love and support.  You're the reason we get to play. #the100,fans thank lexa love support reason get play
1,WHAT WAS THAT EPISODE? WHAT DID I WITNESS? #the100,episode witness
-1,RT @clexaislove: The saddest part is that I won't even be able to tell my family/friends why I'm sad because they would only call me crazy ‚Ä¶,saddest part wont noteven able tell familyfriends why sad only call crazy
0,RT @DebnamCarey: @MisElizaJane - my partner in crime and one hell of a leading lady. What a powerhouse.  #the100,partner crime one hell leading lady powerhouse
0,"She's in shock, she's in absolute shock #the100",shock absolute shock
0,"RT @OKBJGM: Safe passage on your travels
Until our final journey to the ground.
May we meet again. #the100",safe passage travels our final journey ground may meet
1,RT @DebnamCarey: The fans. Thank you for being there with Lexa - for your love and support.  You're the reason we get to play. #the100,fans thank lexa love support reason get play
1,RT @DebnamCarey: Thank you to the whole #the100 team for the beautiful and passionate collaboration of Lexa. It truly takes a team.,thank whole team beautiful passionate collaboration lexa truly takes team
1,RT @clexapower: DONT FORGET THIS!!! #The100 https://t.co/G1ZmF3lA0g,dont notforget
0,RT @DebnamCarey: @MisElizaJane - my partner in crime and one hell of a leading lady. What a powerhouse.  #the100,partner crime one hell leading lady powerhouse
1,RT @MaryneeLahaye: I'm fine this is fine this episode is fine hahahhahHAHAH #the100 https://t.co/iUFGUUqc51,fine fine episode fine hahhahhah
-1,RT @Hello_YouHadMe: #MCM... I have a Lincoln problem. He is a savage. A perfect savage. #The100 https://t.co/mzfgPSw2m3,lincoln problem savage perfect savage
1,RT @DebnamCarey: Thank you to the whole #the100 team for the beautiful and passionate collaboration of Lexa. It truly takes a team.,thank whole team beautiful passionate collaboration lexa truly takes team
-1,RT @HedaOverHeels13: OMG! that noise U hear is my HEART SHATTERING all over again. Touching CLEXA montage--be prepared... https://t.co/gFIB‚Ä¶,omg noise hear heart shattering over touching clexa montagebe prepared
0,RT @DebnamCarey: @MisElizaJane - my partner in crime and one hell of a leading lady. What a powerhouse.  #the100,partner crime one hell leading lady powerhouse
-1,This is too fucking emotional I feel sick. #Heda #The100 #Clexa  https://t.co/toBWQALxtn,fucking emotional feel sick
-1,"RT @Shadar17: ""the dead are gone, Clarke. The living are hungry."" Foreshadowing. #Lexa #The100",dead gone clarke living hungry foreshadowing
1,RT @alyciaposts: retweet if you agree. #The100 https://t.co/z0D2HEePsM,retweet agree
1,RT @DebnamCarey: Thank you to the whole #the100 team for the beautiful and passionate collaboration of Lexa. It truly takes a team.,thank whole team beautiful passionate collaboration lexa truly takes team
1,RT @DebnamCarey: Thank you to @JRothenbergTV for such an opportunity and for breaking the rules and pushing to envelope continually. #the100,thank such opportunity breaking rules pushing envelope continually
1,RT @DebnamCarey: The fans. Thank you for being there with Lexa - for your love and support.  You're the reason we get to play. #the100,fans thank lexa love support reason get play
1,RT @Charm_Nicole: Heartbreaking...Our Heda. Beautiful and fearless to the very end... Yu gonplei ste odon. #THE100 #LEXA,heartbreakingour heda beautiful fearless very end yu gonplei ste odon
-1,@haneyshrm I wish you were here. Like you were there when I cried because Allison died. I'm so distraught AND IT'S JUST A TV SHOW #The100,wish like cried allison died distraught just tv show
1,Cool #The100,cool
1,RT @DebnamCarey: The fans. Thank you for being there with Lexa - for your love and support.  You're the reason we get to play. #the100,fans thank lexa love support reason get play
0,RT @DebnamCarey: @MisElizaJane - my partner in crime and one hell of a leading lady. What a powerhouse.  #the100,partner crime one hell leading lady powerhouse
1,RT @DebnamCarey: The fans. Thank you for being there with Lexa - for your love and support.  You're the reason we get to play. #the100,fans thank lexa love support reason get play
0,@DebnamCarey May we meet again (in 3x11 of #the100 and next month when #FTWD comes back on),may meet 3x11 next month comes back
1,RT @DebnamCarey: Thank you to @JRothenbergTV for such an opportunity and for breaking the rules and pushing to envelope continually. #the100,thank such opportunity breaking rules pushing envelope continually
1,"RT @JRothenbergTV: I think @DebnamCarey deserves a lot of love tonight, as I know this was hard for her too. She‚Äôs one of a kind. #The100",think deserves lot love tonight know hard she‚Äôs one kind
1,"RT @JRothenbergTV: I think @DebnamCarey deserves a lot of love tonight, as I know this was hard for her too. She‚Äôs one of a kind. #The100",think deserves lot love tonight know hard she‚Äôs one kind
-1,the sad thing is that we know now Clarke will end up with a bloke. #Clexa #The100,sad thing know now clarke will end up bloke
-1,Lexa is still trending üò≠üíî#the100 @DebnamCarey https://t.co/DGU5KtGYAu,lexa still trending üò≠üíî
1,"RT @JRothenbergTV: I think @DebnamCarey deserves a lot of love tonight, as I know this was hard for her too. She‚Äôs one of a kind. #The100",think deserves lot love tonight know hard she‚Äôs one kind
0,RT @skyxprisa: WE need answers @JRothenbergTV @The100writers @DrLawyercop @TeelaJBrown @kimshum @OKBJGM #The100 https://t.co/wMvYPod7HH,need answers
0,"RT @DebnamCarey: The actors on #the100, who are beyond supportive, hardworking and blow my mind with their talent! What a lucky playground ‚Ä¶",actors beyond supportive hardworking blow mind talent lucky playground
1,@JRothenbergTV #the100 @DebnamCarey #clexa hmmm we shall see whatelse u have in store for us fans bring it on roll on season finale lol,hmmm shall see whatelse store fans bring roll season finale lol
-1,Alycia is being so damn active and Eliza has not posted a thing. #the100 #imstilldying,alycia damn active eliza posted thing
-1,@VampyDeer948 @JRothenbergTV watch 4Eliza &amp; maybe the griffin theory will come true. #The100 is my life if I stop watching I'll have nothing,watch 4eliza maybe griffin theory will come true life stop watching nothing
0,RT @DebnamCarey: @MisElizaJane - my partner in crime and one hell of a leading lady. What a powerhouse.  #the100,partner crime one hell leading lady powerhouse
-1,RT @skyxprisa: Lexa cried after clarke kissed her. Im never gonna be okay again #clexa #The100 https://t.co/HiERi4VKxS,lexa cried clarke kissed never gonna okay
1,RT @clexapower: DONT FORGET THIS!!! #The100 https://t.co/G1ZmF3lA0g,dont notforget
1,"Fankru: #the100 tag JUST stopped trending but has been replaced by LEXA tag. WORLDWIDE. 

""May we meet her again"" https://t.co/Hn2ZzcpGJ6",fankru tag just stopped trending replaced lexa tag worldwide may meet
0,RT @DebnamCarey: @MisElizaJane - my partner in crime and one hell of a leading lady. What a powerhouse.  #the100,partner crime one hell leading lady powerhouse
-1,RT @lexareguih: this is so heartbreaking #the100 https://t.co/XNjeVFvP5O,heartbreaking
1,RT @DebnamCarey: The fans. Thank you for being there with Lexa - for your love and support.  You're the reason we get to play. #the100,fans thank lexa love support reason get play
-1,"RT @skyxprisa: ""I dont want the next commander. i WANT YOU"" üòî #clexa #The100 i hurts https://t.co/2aHAoiaZrl",dont notwant next commander want üòî hurts
-1,Got totally spoiled abt #The100 and I feel sad abt what I'll have to watch ...,got totally spoiled abt feel sad abt watch
1,RT @DebnamCarey: Thank you to the whole #the100 team for the beautiful and passionate collaboration of Lexa. It truly takes a team.,thank whole team beautiful passionate collaboration lexa truly takes team
-1,Is this some kind of lesson about this fucked up world? The real heroes don't get the end they deserve? #The100 @JRothenbergTV,some kind lesson fucked up world real heroes dont notget end deserve
-1,RT @JRothenbergTV: I am extremely sad to see Lexa go. She was a character I loved so much and @DebnamCarey will be very missed. #The100,extremely sad see lexa go character loved much will very missed
1,RT @Reymie89: Beautiful portrayal of one of the best female characters on tv atm. Thank you @DebnamCarey #The100 https://t.co/G7V3ttVVMp,beautiful portrayal one best female characters tv atm thank
-1,RT @MaryneeLahaye: Now I'm actually kinda glad that Raven is straight because apparently only queer women get killed off. #The100,now actually kinda glad raven straight apparently only queer women get killed
1,"RT @HowTrite: Shout out to #The100 for reminding little lesbians that once two women fall in love, one must die. Always. That's just good t‚Ä¶",shout reminding little lesbians once two women fall love one must die always just good t‚Ä¶
0,RT @DebnamCarey: @MisElizaJane - my partner in crime and one hell of a leading lady. What a powerhouse.  #the100,partner crime one hell leading lady powerhouse
1,RT @DebnamCarey: And thanks to the Academy - seeing I'm coming across a bit intense and getting super sappy all over your timeline... cue t‚Ä¶,thanks academy seeing coming across bit intense getting super sappy over timeline cue t‚Ä¶
1,"RT @JRothenbergTV: I think @DebnamCarey deserves a lot of love tonight, as I know this was hard for her too. She‚Äôs one of a kind. #The100",think deserves lot love tonight know hard she‚Äôs one kind
1,RT @DebnamCarey: Thank you to the whole #the100 team for the beautiful and passionate collaboration of Lexa. It truly takes a team.,thank whole team beautiful passionate collaboration lexa truly takes team
1,RT @DebnamCarey: The fans. Thank you for being there with Lexa - for your love and support.  You're the reason we get to play. #the100,fans thank lexa love support reason get play
0,RT @DebnamCarey: @MisElizaJane - my partner in crime and one hell of a leading lady. What a powerhouse.  #the100,partner crime one hell leading lady powerhouse
1,"RT @TeelaJBrown: Due to feedback, will abstain from livetweet. BTS tomorrow. Here's the main one I wanted to get out though. #the100 https:‚Ä¶",due feedback will abstain livetweet bts tomorrow main one wanted get though
-1,one reason to kill her in #the100 was bc of her main role in FTWD...WHO EVEN CARES ABOUT THAT SHOW,one reason kill bc main role ftwdwho even cares show
-1,If I was #Clarke I would kill everyone at Arkiadia and blame them for what has happened #The100,kill everyone arkiadia blame them happened
0,RT @DebnamCarey: @MisElizaJane - my partner in crime and one hell of a leading lady. What a powerhouse.  #the100,partner crime one hell leading lady powerhouse
1,"RT @_kimtaeyeons: THIS IS SO BEAUTIFUL üò≠üòöüôÜ #The100 

https://t.co/tMRultTKuA",beautiful üò≠üòöüôÜ
1,RT @DebnamCarey: The fans. Thank you for being there with Lexa - for your love and support.  You're the reason we get to play. #the100,fans thank lexa love support reason get play
-1,RT @lexareguih: this is so heartbreaking #the100 https://t.co/XNjeVFvP5O,heartbreaking
-1,#the100 I feel so many different feelings rn. I'm happy bc Clexa happened and I'm devastated bc Lexa die..Clexa were happy! It's beautiful,feel many different feelings rn happy bc clexa happened devastated bc lexa dieclexa happy beautiful
1,RT @DebnamCarey: The fans. Thank you for being there with Lexa - for your love and support.  You're the reason we get to play. #the100,fans thank lexa love support reason get play
1,"RT @JRothenbergTV: I think @DebnamCarey deserves a lot of love tonight, as I know this was hard for her too. She‚Äôs one of a kind. #The100",think deserves lot love tonight know hard she‚Äôs one kind
1,RT @DebnamCarey: Thank you to the whole #the100 team for the beautiful and passionate collaboration of Lexa. It truly takes a team.,thank whole team beautiful passionate collaboration lexa truly takes team
-1,RT @karin_lovecam: Lexa #The100 is tendingüòÇ damn it twitter spoilersüòïüòÇ i havent watched the episode yet,lexa tendingüòÇ damn twitter spoilersüòïüòÇ havent notwatched episode yet
1,RT @DebnamCarey: The fans. Thank you for being there with Lexa - for your love and support.  You're the reason we get to play. #the100,fans thank lexa love support reason get play
-1,Murphy and Lexa own my heart. #the100 #JohnMurphy #CommanderLexa,murphy lexa heart
1,RT @DebnamCarey: Thank you to @JRothenbergTV for such an opportunity and for breaking the rules and pushing to envelope continually. #the100,thank such opportunity breaking rules pushing envelope continually
-1,"''Hopefully, people can forgive me. If they can‚Äôt, I understand that, too.'' - @JRothenbergTV understand that I hate your choices #the100",hopefully people forgive can‚Äôt understand understand hate choices
1,RT @DebnamCarey: Thank you to the whole #the100 team for the beautiful and passionate collaboration of Lexa. It truly takes a team.,thank whole team beautiful passionate collaboration lexa truly takes team
1,RT @MaryneeLahaye: I'm fine this is fine this episode is fine hahahhahHAHAH #the100 https://t.co/iUFGUUqc51,fine fine episode fine hahhahhah
-1,RT @JRothenbergTV: I love you! Such a class act. The world is only starting to miss you now. I've been missing you for months. #The100 @Deb‚Ä¶,love such class act world only starting miss now missing months
1,RT @danikboo: I may not agree with how quick it happened but yeah ...it's obvious Clarke's in love with her #the100,may agree quick happened yeah obvious clarkes love
-1,"RT @ItsBellarkeShip: True fans won't abandon the show because of Lexa is dead. 
We will get rid only of the bad fans. #The100 #keepsupporti‚Ä¶",true fans wont notabandon show lexa dead will get rid only bad fans
-1,RT @ddlsmg4ever: Just because it's shocking doesn't mean is good writing #The100 @JRothenbergTV,just shocking doesnt notmean good writing
1,RT @DebnamCarey: And thanks to the Academy - seeing I'm coming across a bit intense and getting super sappy all over your timeline... cue t‚Ä¶,thanks academy seeing coming across bit intense getting super sappy over timeline cue t‚Ä¶
-1,"RT @biclexual: My reaction video of #The100 to 3x07 ""Thirteen"" is up! https://t.co/s9cla0FGRg THERE'S LOTS OF CRYING. @JRothenbergTV @Debna‚Ä¶",reaction video 3x07 thirteen up lots crying
-1,Quoto. #The100  https://t.co/WlOc3HixwN,quoto
1,RT @DebnamCarey: Thank you to @JRothenbergTV for such an opportunity and for breaking the rules and pushing to envelope continually. #the100,thank such opportunity breaking rules pushing envelope continually
1,RT @DebnamCarey: Thank you to the whole #the100 team for the beautiful and passionate collaboration of Lexa. It truly takes a team.,thank whole team beautiful passionate collaboration lexa truly takes team
0,"RT @DebnamCarey: The actors on #the100, who are beyond supportive, hardworking and blow my mind with their talent! What a lucky playground ‚Ä¶",actors beyond supportive hardworking blow mind talent lucky playground
0,RT @DebnamCarey: @MisElizaJane - my partner in crime and one hell of a leading lady. What a powerhouse.  #the100,partner crime one hell leading lady powerhouse
-1,RT @beaspov: Tell me that is a joke. Lexa can't be dead. NO NO NO NO NO NO. #the100,tell joke lexa cant notdead no notno notno notno notno notno
-1,Ugh! Can't still believe Lexa's gone. @JRothenbergTV #The100 @DebnamCarey you're a great actress. I will miss Lexa. üò≠ #maywemeetagain,ugh cant notstill believe lexas gone great actress will miss lexa üò≠
0,RT @DebnamCarey: @MisElizaJane - my partner in crime and one hell of a leading lady. What a powerhouse.  #the100,partner crime one hell leading lady powerhouse
1,"RT @hicusick: #the100  Such pleasure getting to know @DebnamCarey a beautiful and talented person, you will be missed...x",such pleasure getting know beautiful talented person will missedx
-1,That's a joke. It can't be real #the100,joke cant notreal
1,RT @DebnamCarey: The fans. Thank you for being there with Lexa - for your love and support.  You're the reason we get to play. #the100,fans thank lexa love support reason get play
-1,RT @lindazge: Ready to see Clarke do something other than standing around. #The100,ready see clarke something other standing around
-1,@Skaikru_Fan @JRothenbergTV I will continue to watch but it won't be live that's for sure #The100 is my life too but Lexa was family üò≠üò¢üò¢üò¢üò≠üò≠üò≠,will continue watch wont notlive sure life lexa family üò≠üò¢üò¢üò¢üò≠üò≠üò≠
0,"RT @DebnamCarey: The actors on #the100, who are beyond supportive, hardworking and blow my mind with their talent! What a lucky playground ‚Ä¶",actors beyond supportive hardworking blow mind talent lucky playground
1,RT @DebnamCarey: The fans. Thank you for being there with Lexa - for your love and support.  You're the reason we get to play. #the100,fans thank lexa love support reason get play
1,RT @DebnamCarey: Thank you to the whole #the100 team for the beautiful and passionate collaboration of Lexa. It truly takes a team.,thank whole team beautiful passionate collaboration lexa truly takes team
0,"RT @DebnamCarey: The actors on #the100, who are beyond supportive, hardworking and blow my mind with their talent! What a lucky playground ‚Ä¶",actors beyond supportive hardworking blow mind talent lucky playground
-1,RT @AlilSweetThing: If Bellarke happens now tho I will be very pissed. I can see where the storyline went with Lexa but I won't be okay wit‚Ä¶,bellarke happens now tho will very pissed see storyline went lexa wont notokay wit‚Ä¶
-1,You know the ol' saying: straight male writers will always leave you certain that you do not deserve happiness #the100,know ol saying straight male writers will always leave certain deserve happiness
0,"RT @DebnamCarey: The actors on #the100, who are beyond supportive, hardworking and blow my mind with their talent! What a lucky playground ‚Ä¶",actors beyond supportive hardworking blow mind talent lucky playground
1,RT @DebnamCarey: The fans. Thank you for being there with Lexa - for your love and support.  You're the reason we get to play. #the100,fans thank lexa love support reason get play
1,RT @DebnamCarey: The fans. Thank you for being there with Lexa - for your love and support.  You're the reason we get to play. #the100,fans thank lexa love support reason get play
1,RT @clexapower: DONT FORGET THIS!!! #The100 https://t.co/G1ZmF3lA0g,dont notforget
1,RT @DebnamCarey: Thank you to the whole #the100 team for the beautiful and passionate collaboration of Lexa. It truly takes a team.,thank whole team beautiful passionate collaboration lexa truly takes team
-1,"RT @SofiaRojasOne7: Maybe I'm being too dramatic, but I feel like a part of me is gone. I feel like someone from my life has actually died.‚Ä¶",maybe dramatic feel like part gone feel like someone life actually died‚Ä¶
1,RT @DebnamCarey: And thanks to the Academy - seeing I'm coming across a bit intense and getting super sappy all over your timeline... cue t‚Ä¶,thanks academy seeing coming across bit intense getting super sappy over timeline cue t‚Ä¶
0,RT @DebnamCarey: @MisElizaJane - my partner in crime and one hell of a leading lady. What a powerhouse.  #the100,partner crime one hell leading lady powerhouse
-1,WHY AM I LIKE THIS?! üò´üò≠üíî #Clexa #The100 #Adele https://t.co/xMUpFIT8xM,why like üò´üò≠üíî
0,RT @DebnamCarey: @MisElizaJane - my partner in crime and one hell of a leading lady. What a powerhouse.  #the100,partner crime one hell leading lady powerhouse
0,"Ai hod you in, Heda. #the100",ai hod heda
0,"RT @DebnamCarey: The actors on #the100, who are beyond supportive, hardworking and blow my mind with their talent! What a lucky playground ‚Ä¶",actors beyond supportive hardworking blow mind talent lucky playground
-1,lexa deserved better #the100,lexa deserved better
-1,RT @beaspov: Tell me that is a joke. Lexa can't be dead. NO NO NO NO NO NO. #the100,tell joke lexa cant notdead no notno notno notno notno notno
1,"RT @JRothenbergTV: I think @DebnamCarey deserves a lot of love tonight, as I know this was hard for her too. She‚Äôs one of a kind. #The100",think deserves lot love tonight know hard she‚Äôs one kind
1,RT @DebnamCarey: The fans. Thank you for being there with Lexa - for your love and support.  You're the reason we get to play. #the100,fans thank lexa love support reason get play
-1,RT @beaspov: Tell me that is a joke. Lexa can't be dead. NO NO NO NO NO NO. #the100,tell joke lexa cant notdead no notno notno notno notno notno
1,RT @DebnamCarey: Thank you to the whole #the100 team for the beautiful and passionate collaboration of Lexa. It truly takes a team.,thank whole team beautiful passionate collaboration lexa truly takes team
0,RT @DebnamCarey: @MisElizaJane - my partner in crime and one hell of a leading lady. What a powerhouse.  #the100,partner crime one hell leading lady powerhouse
1,RT @MaryneeLahaye: I'm fine this is fine this episode is fine hahahhahHAHAH #the100 https://t.co/iUFGUUqc51,fine fine episode fine hahhahhah
1,RT @DebnamCarey: And thanks to the Academy - seeing I'm coming across a bit intense and getting super sappy all over your timeline... cue t‚Ä¶,thanks academy seeing coming across bit intense getting super sappy over timeline cue t‚Ä¶
0,RT @DebnamCarey: @MisElizaJane - my partner in crime and one hell of a leading lady. What a powerhouse.  #the100,partner crime one hell leading lady powerhouse
-1,RT @DrLawyercop: Just re-watched tonight's #The100 with @KKCarpy and felt the loss and heartbreak all over again. We will miss @DebnamCarey‚Ä¶,just rewatched tonights felt loss heartbreak over will miss
1,RT @FactsOfSchool: My reaction to #The100 episode  https://t.co/zrBirvbSO2,reaction episode
-1,RT @DrLawyercop: Just re-watched tonight's #The100 with @KKCarpy and felt the loss and heartbreak all over again. We will miss @DebnamCarey‚Ä¶,just rewatched tonights felt loss heartbreak over will miss
0,RT @DebnamCarey: @MisElizaJane - my partner in crime and one hell of a leading lady. What a powerhouse.  #the100,partner crime one hell leading lady powerhouse
1,RT @DebnamCarey: And thanks to the Academy - seeing I'm coming across a bit intense and getting super sappy all over your timeline... cue t‚Ä¶,thanks academy seeing coming across bit intense getting super sappy over timeline cue t‚Ä¶
-1,"RT @theneewyorker: I FEEL DEVASTATED AND TRAUMATIZED, I'M IN SO MUCH PAIN AND THIS IS ALL NOT FAIR. #CLEXA #THE100",feel devastated traumatized much pain fair
0,"RT @danikboo: She's in shock, she's in absolute shock #the100",shock absolute shock
1,RT @DebnamCarey: The fans. Thank you for being there with Lexa - for your love and support.  You're the reason we get to play. #the100,fans thank lexa love support reason get play
-1,RT @clexamepls: Clexa 3x07 | Heart Break | First &amp; Last Kiss | I'm dead | #clexa #the100 #the100edit (Vine by @kristinanne5h) https://t.co/‚Ä¶,clexa 3x07 heart break first last kiss dead vine
-1,"I understand you trying to make connection, wow the audience&amp;also giving @DebnamCarey break, but at-least give her a heroic death! #The100",understand trying make connection wow audience&ampalso giving break atleast give heroic death
1,RT @clexapower: DONT FORGET THIS!!! #The100 https://t.co/G1ZmF3lA0g,dont notforget
-1,Do we talk about the fact that Murphy is the only sky people to know about Clarke's feeling. Wonder what will happen to both of them #The100,talk fact murphy only sky people know clarkes feeling wonder will happen them
1,RT @DebnamCarey: The fans. Thank you for being there with Lexa - for your love and support.  You're the reason we get to play. #the100,fans thank lexa love support reason get play
0,RT @DebnamCarey: @MisElizaJane - my partner in crime and one hell of a leading lady. What a powerhouse.  #the100,partner crime one hell leading lady powerhouse
-1,"Fuck the writers. FUCK YOU ALL DO YOU HEAR ME. How could you do this... I mean, wow... I loathe y'all. #the100",fuck writers fuck hear mean wow loathe yall
-1,Tell me that is a joke. Lexa can't be dead. NO NO NO NO NO NO. #the100,tell joke lexa cant notdead no notno notno notno notno notno
-1,RT @E4Tweets: The look‚Ä¶ of love‚Ä¶? #Clexa #The100 https://t.co/O2C34MmJbG,look‚Ä¶ love‚Ä¶
-1,"RT @theneewyorker: I don't even know what to say, I'm just so heartbroken and mad for the way everything happened, I feel played. #The100",dont noteven know say just heartbroken mad way everything happened feel played
0,"RT @DebnamCarey: The actors on #the100, who are beyond supportive, hardworking and blow my mind with their talent! What a lucky playground ‚Ä¶",actors beyond supportive hardworking blow mind talent lucky playground
1,RT @MaryneeLahaye: I'm fine this is fine this episode is fine hahahhahHAHAH #the100 https://t.co/iUFGUUqc51,fine fine episode fine hahhahhah
-1,#The100 #3X07 omg yes,omg yes
1,RT @DebnamCarey: And thanks to the Academy - seeing I'm coming across a bit intense and getting super sappy all over your timeline... cue t‚Ä¶,thanks academy seeing coming across bit intense getting super sappy over timeline cue t‚Ä¶
1,"RT @theneewyorker: I WAS SO HAPPY THEY WERE HAPPY BUT IT HAD TO BE RUINED, I CAN NEVER BE HAPPY WITH MY SHIPS, NEVER. #The100 #Clexa",happy happy ruined never happy ships never
0,RT @DebnamCarey: @MisElizaJane - my partner in crime and one hell of a leading lady. What a powerhouse.  #the100,partner crime one hell leading lady powerhouse
-1,"RT @AwkwardRainbow_: I have a major headache, I'm crying randomly, my depression is eating me, and I feel as if I'm dirt. Thanks #the100",major headache crying randomly depression eating feel dirt thanks
-1,"RT @skyxprisa: Anya
Wells
Gina
Fox
Maya
Monroe
Gustus
Lexa
They all deserved better. #The100",anya wells gina fox maya monroe gustus lexa deserved better
-1,"Interesting, Lexa is trending in The Netherlands, #The100 nowhere in sight. Missing her already @DebnamCarey #clexa https://t.co/S5g65qNedt",interesting lexa trending netherlands nowhere sight missing already
0,you will be missed commander #the100 #longliveheda,will missed commander
1,RT @DebnamCarey: Thank you to @JRothenbergTV for such an opportunity and for breaking the rules and pushing to envelope continually. #the100,thank such opportunity breaking rules pushing envelope continually
0,RT @DebnamCarey: @MisElizaJane - my partner in crime and one hell of a leading lady. What a powerhouse.  #the100,partner crime one hell leading lady powerhouse
-1,"RT @suzanita11: Love you Clexa's fam, so much ‚ù§Ô∏è #Clexa #Lexa #The100",love clexas fam much ‚ù§Ô∏è
-1,like which stage of grief is denial bc i am there #The100,like stage grief denial bc
1,RT @DebnamCarey: Thank you to the whole #the100 team for the beautiful and passionate collaboration of Lexa. It truly takes a team.,thank whole team beautiful passionate collaboration lexa truly takes team
1,RT @DebnamCarey: And thanks to the Academy - seeing I'm coming across a bit intense and getting super sappy all over your timeline... cue t‚Ä¶,thanks academy seeing coming across bit intense getting super sappy over timeline cue t‚Ä¶
-1,#the100 won't be the same without @DebnamCarey seriously the scenes with her and @MisElizaJane is the best.BRING HER BACK @JRothenbergTV,wont notsame without seriously scenes bestbring back
1,RT @DebnamCarey: The fans. Thank you for being there with Lexa - for your love and support.  You're the reason we get to play. #the100,fans thank lexa love support reason get play
0,"RT @DebnamCarey: The actors on #the100, who are beyond supportive, hardworking and blow my mind with their talent! What a lucky playground ‚Ä¶",actors beyond supportive hardworking blow mind talent lucky playground
0,RT @DebnamCarey: @MisElizaJane - my partner in crime and one hell of a leading lady. What a powerhouse.  #the100,partner crime one hell leading lady powerhouse
1,"RT @JRothenbergTV: I think @DebnamCarey deserves a lot of love tonight, as I know this was hard for her too. She‚Äôs one of a kind. #The100",think deserves lot love tonight know hard she‚Äôs one kind
0,"jason's death lexa was a classy shot, but also a low blow. Fuck #the100",jasons death lexa classy shot also low blow fuck
-1,"RT @theneewyorker: are probably FAKE so this makes it ten times more cruel and disgusting, you can't treat fans like this, you have no resp‚Ä¶",probably fake makes ten times more cruel disgusting cant nottreat fans like no notresp‚Ä¶
-1,RT @swanmillsfeels: the sad thing is that we know now Clarke will end up with a bloke. #Clexa #The100,sad thing know now clarke will end up bloke
1,OH. MY. GOD. THIS WAS SO DAMN AMAZING *_* BEST EPISODE EVER!! #The100,oh god damn amazing best episode ever
-1,"RT @JRothenbergTV: Her words echoing Clarke‚Äôs, now carrying so much more meaning. #the100 @MisElizaJane @DebnamCarey #MoreThanJustSurviving",words echoing clarke‚Äôs now carrying much more meaning
1,RT @DebnamCarey: Thank you to the whole #the100 team for the beautiful and passionate collaboration of Lexa. It truly takes a team.,thank whole team beautiful passionate collaboration lexa truly takes team
-1,I need to stop getting emotionally invested in shows and books. I literally feel like ive lost someone important again #The100 #Allegiant,need stop getting emotionally invested shows books literally feel like ive lost someone important
1,RT @DebnamCarey: Thank you to @JRothenbergTV for such an opportunity and for breaking the rules and pushing to envelope continually. #the100,thank such opportunity breaking rules pushing envelope continually
-1,fuck #The100 #Vote5H #KCA  https://t.co/8hjvY23QtW,fuck
0,"""My Fight is Over"" üò•üò≠üò≠ #The100",fight over üò•üò≠üò≠
1,Commander Lexa üò≠üò≠üò≠ Which one of you hit the Self-Destruct button??!!!  #The100 #shittyWriters,commander lexa üò≠üò≠üò≠ one hit selfdestruct button
0,"RT @DebnamCarey: The actors on #the100, who are beyond supportive, hardworking and blow my mind with their talent! What a lucky playground ‚Ä¶",actors beyond supportive hardworking blow mind talent lucky playground
0,RT @DebnamCarey: @MisElizaJane - my partner in crime and one hell of a leading lady. What a powerhouse.  #the100,partner crime one hell leading lady powerhouse
1,RT @clexaislove: Clexa was my reason to stand up in the morning. To get through my week. The smile on my face. You took it all away @JRothe‚Ä¶,clexa reason stand up morning get week smile face took away
-1,Why Lexa! Why #the100 ?!!,why lexa why
-1,RT @swanmillsfeels: the sad thing is that we know now Clarke will end up with a bloke. #Clexa #The100,sad thing know now clarke will end up bloke
0,"RT @DebnamCarey: The actors on #the100, who are beyond supportive, hardworking and blow my mind with their talent! What a lucky playground ‚Ä¶",actors beyond supportive hardworking blow mind talent lucky playground
-1,Her eyes üòçüòç... fae you #The100 üò¢üò¢ https://t.co/6RVJqwIP3a,eyes üòçüòç fae üò¢üò¢
1,RT @DebnamCarey: The fans. Thank you for being there with Lexa - for your love and support.  You're the reason we get to play. #the100,fans thank lexa love support reason get play
1,"#the100 that was a low blow move :/ and I hope you're very happy for the ff ""twist"" that was pulled like x times already!",low blow move hope very happy twist pulled like x times already
-1,I am emotionally unstable #the100,emotionally unstable
0,RT @DebnamCarey: @MisElizaJane - my partner in crime and one hell of a leading lady. What a powerhouse.  #the100,partner crime one hell leading lady powerhouse
-1,RT @swanmillsfeels: the sad thing is that we know now Clarke will end up with a bloke. #Clexa #The100,sad thing know now clarke will end up bloke
1,"RT @JRothenbergTV: I think @DebnamCarey deserves a lot of love tonight, as I know this was hard for her too. She‚Äôs one of a kind. #The100",think deserves lot love tonight know hard she‚Äôs one kind
-1,RT @policevest: Basically the takeaway from watching #The100 is https://t.co/mke1lwf5nM,basically takeaway watching
-1,"Maybe I'm naive, but I hope Lexa's soul can be brought back to life through that neck chip. #the100 @the100 #hopeful",maybe naive hope lexas soul brought back life neck chip
-1,"Should be doing German rn I cannot focus. All I wanna do is cry, drink, smoke and draw this pain away #The100 #Clexa",german rn cannot notfocus wanna cry drink smoke draw pain away
1,RT @xwpobpoi999: You guys should go watch Person of Interest now. #The100,guys go watch person interest now
-1,jus drein jus daun #the100,jus drein jus daun
1,RT @DebnamCarey: The fans. Thank you for being there with Lexa - for your love and support.  You're the reason we get to play. #the100,fans thank lexa love support reason get play
1,RT @DebnamCarey: The fans. Thank you for being there with Lexa - for your love and support.  You're the reason we get to play. #the100,fans thank lexa love support reason get play
0,RT @DebnamCarey: @MisElizaJane - my partner in crime and one hell of a leading lady. What a powerhouse.  #the100,partner crime one hell leading lady powerhouse
-1,tbh a bigger shock would be if they ACTUALLY ended up together. this was predictable and sloppy. @JRothenbergTV #clexa #lexa #the100,tbh bigger shock actually ended up together predictable sloppy
-1,"RT @ItsBellarkeShip: True fans won't abandon the show because of Lexa is dead. 
We will get rid only of the bad fans. #The100 #keepsupporti‚Ä¶",true fans wont notabandon show lexa dead will get rid only bad fans
1,RT @FifthHarmonyCZ: and then they lived happily ever after #the100 https://t.co/auz4YfdlAd,lived happily ever
-1,Never felt so heartbroken about a TV show since the finale of S5 of TVD üò≠üò≠ #Clexa #The100,never felt heartbroken tv show since finale s5 tvd üò≠üò≠
1,"RT @CophinesArmy: Remember this moment when everyone's like ""I thought this show was different."" @ #The100",rember moment everyones like thought show different
0,"RT @DebnamCarey: The actors on #the100, who are beyond supportive, hardworking and blow my mind with their talent! What a lucky playground ‚Ä¶",actors beyond supportive hardworking blow mind talent lucky playground
-1,"#The100 #3X07 I'm not crying, you are.",crying
-1,NO BOOM NO OUT *STICKS HEAD IN SAND IN DENIAL* #THE100 #CLEXA #Lexa  https://t.co/Ax9IEaeDI8,no notboom no notsticks head sand denial
1,RT @DebnamCarey: The fans. Thank you for being there with Lexa - for your love and support.  You're the reason we get to play. #the100,fans thank lexa love support reason get play
1,RT @DebnamCarey: The fans. Thank you for being there with Lexa - for your love and support.  You're the reason we get to play. #the100,fans thank lexa love support reason get play
1,Instead of trending #the100 can we please trend #ReshopHeda,instead trending please trend
-1,@JRothenbergTV let me live I'm drowning in my own tears #the100 #heda,let live drowning tears
1,With #thirteen the story of #the100 just got so good =),story just got good
-1,I've just watched episode S03E07 of The 100! #The100  https://t.co/fCxbfgHOAx https://t.co/ZUlmxgCQQ4,just watched episode s03e07 100
0,RT @DebnamCarey: @MisElizaJane - my partner in crime and one hell of a leading lady. What a powerhouse.  #the100,partner crime one hell leading lady powerhouse
1,RT @DebnamCarey: The fans. Thank you for being there with Lexa - for your love and support.  You're the reason we get to play. #the100,fans thank lexa love support reason get play
-1,"For me #The100 started with Lexa and now it ended with Lexa
Guess my fight ended when hers did",started lexa now ended lexa guess fight ended
-1,Lol still laugh at the fact that it's my birthday and i already cried two times bc lexa's emotional death haha‚Ä¶ üòûüòÇüôà #The100,lol still laugh fact birthday already cried two times bc lexas emotional death ha‚Ä¶ üòûüòÇüôà
0,RT @DebnamCarey: @MisElizaJane - my partner in crime and one hell of a leading lady. What a powerhouse.  #the100,partner crime one hell leading lady powerhouse
-1,Am I worryingly calm? Yes? Maybe cause I just spent forever talking into a camera. But. Death. Is. Not. The. End. I am here for you. #The100,worryingly calm yes maybe cause just spent forever talking camera death end
0,RT @DebnamCarey: @MisElizaJane - my partner in crime and one hell of a leading lady. What a powerhouse.  #the100,partner crime one hell leading lady powerhouse
0,RT @skyxprisa: WE need answers @JRothenbergTV @The100writers @DrLawyercop @TeelaJBrown @kimshum @OKBJGM #The100 https://t.co/wMvYPod7HH,need answers
0,RT @becomemypeople: A theory about the sex scene! #clexa #the100 https://t.co/AGgkspIP3I,theory sex scene
1,RT @DebnamCarey: Thank you to @JRothenbergTV for such an opportunity and for breaking the rules and pushing to envelope continually. #the100,thank such opportunity breaking rules pushing envelope continually
-1,JUST KILL MY FAVOURITE CHARACTER WHY DONT YOU!!! üò≠üò≠ IM SO FUCKING ANGRY #the100,just kill favourite character why dont notyou üò≠üò≠ fucking angry
1,I would have revenge to all lexa #The100,revenge lexa
-1,"RT @skyxprisa: With lexa died clarke, died the show and the fandom. #the100 https://t.co/DNbNVh7P8Y",lexa died clarke died show fandom
1,RT @DebnamCarey: Thank you to @JRothenbergTV for such an opportunity and for breaking the rules and pushing to envelope continually. #the100,thank such opportunity breaking rules pushing envelope continually
1,RT @DebnamCarey: Thank you to the whole #the100 team for the beautiful and passionate collaboration of Lexa. It truly takes a team.,thank whole team beautiful passionate collaboration lexa truly takes team
0,https://t.co/I2v9dKZrmz everyones reaction to #the100 and @JRothenbergTV,everyones reaction
1,RT @xwpobpoi999: You guys should go watch Person of Interest now. #The100,guys go watch person interest now
1,RT @MaryneeLahaye: I'm fine this is fine this episode is fine hahahhahHAHAH #the100 https://t.co/iUFGUUqc51,fine fine episode fine hahhahhah
-1,"It's incredibly cruel @JRothenbergTV &amp; entirely on u &amp; the writing team. Young, queer ppl r really hurting #The100 https://t.co/OuFno3NmsN",incredibly cruel entirely writing team young queer ppl r really hurting
1,RT @mixquezoncity: Congrats @JRothenbergTV @kimshum @DrLawyercop @TeelaJBrown for traumatizing an entire minorityüòÄüòÄ #The100 #Clexa https://‚Ä¶,congrats traumatizing entire minorityüòÄüòÄ
-1,RT @assreguii: lexa wasn't even scared of dying she was scared that clarke wasn't going to be protected after she was gone #The100,lexa wasnt even scared dying scared clarke wasnt going protected gone
-1,THE TEARSSSSSS üò≠üò≠üò≠üò≠ @DebnamCarey #The100,tearss üò≠üò≠üò≠üò≠
1,RT @DebnamCarey: Thank you to the whole #the100 team for the beautiful and passionate collaboration of Lexa. It truly takes a team.,thank whole team beautiful passionate collaboration lexa truly takes team
1,RT @FactsOfSchool: My reaction to #The100 episode  https://t.co/zrBirvbSO2,reaction episode
1,RT @DebnamCarey: Thank you to the whole #the100 team for the beautiful and passionate collaboration of Lexa. It truly takes a team.,thank whole team beautiful passionate collaboration lexa truly takes team
1,RT @DebnamCarey: Thank you to the whole #the100 team for the beautiful and passionate collaboration of Lexa. It truly takes a team.,thank whole team beautiful passionate collaboration lexa truly takes team
1,RT @DebnamCarey: The fans. Thank you for being there with Lexa - for your love and support.  You're the reason we get to play. #the100,fans thank lexa love support reason get play
1,RT @DebnamCarey: The fans. Thank you for being there with Lexa - for your love and support.  You're the reason we get to play. #the100,fans thank lexa love support reason get play
-1,RT @CophinesArmy: When you expected so much from the100 3x07 bc they said it was gonna be epic but Lexa died and you're just like https://t‚Ä¶,expected much the100 3x07 bc said gonna epic lexa died just like
-1,THEORY: @DebnamCarey is still with #The100. This is all just a joke. The whole cast is playing us. She will be back in 311 in COL.,theory still just joke whole cast playing will back 311 col
1,RT @xwpobpoi999: You guys should go watch Person of Interest now. #The100,guys go watch person interest now
1,RT @McKenzieLyn: Clexa Are Soulmates is trending worldwide. Just saying. #The100 https://t.co/EeXWds6Q9o,clexa soulmates trending worldwide just saying
-1,RT @jopinionated: My poor fianc√©e. She's 2 weeks behind on #The100 due to work/travel &amp; I burst into tears when she came home tonight. Coul‚Ä¶,poor fianc√©e 2 weeks behind due worktravel burst tears came home tonight coul‚Ä¶
-1,"Lexa and Clexa deserved better, they were so happy before all of this shit happened I want to cry #The100 https://t.co/UK0gHP3ouu",lexa clexa deserved better happy shit happened want cry
1,RT @DebnamCarey: The fans. Thank you for being there with Lexa - for your love and support.  You're the reason we get to play. #the100,fans thank lexa love support reason get play
0,RT @DebnamCarey: @MisElizaJane - my partner in crime and one hell of a leading lady. What a powerhouse.  #the100,partner crime one hell leading lady powerhouse
-1,"RT @ClarkesLove: cant wait for this moment any longer
this better not be their only good scene
#The100 #Bellarke https://t.co/YxYQ9yw1hp",cant notwait moment longer better only good scene
1,RT @DebnamCarey: And thanks to the Academy - seeing I'm coming across a bit intense and getting super sappy all over your timeline... cue t‚Ä¶,thanks academy seeing coming across bit intense getting super sappy over timeline cue t‚Ä¶
-1,RT @Sace_Natividad: Clarke's goodbye. #The100 x #Clexa https://t.co/Y4N1QsTB30,clarkes goodbye x
-1,"Lexa lexa lexa lexa Heda heda!!! I won't get over this for long time countless, the worst nightmare of my life.. #the100 #BringBackHeda",lexa lexa lexa lexa heda heda wont notget over long time countless worst nightmare life
1,"RT @JRothenbergTV: I think @DebnamCarey deserves a lot of love tonight, as I know this was hard for her too. She‚Äôs one of a kind. #The100",think deserves lot love tonight know hard she‚Äôs one kind
1,RT @DebnamCarey: Thank you to the whole #the100 team for the beautiful and passionate collaboration of Lexa. It truly takes a team.,thank whole team beautiful passionate collaboration lexa truly takes team
0,"2/2 "" Safe passage on your travels until our final journey to the ground. May we meet again. ""
*CUE WATERWORKS* Lexa :(
#The100",22 safe passage travels our final journey ground may meet cue waterworks lexa
-1,"RT @littlemisonlies: this is literally me rn, tomorrow, the next six weeks and probably forever #The100 https://t.co/Xmv1p4a5eS",literally rn tomorrow next six weeks probably forever
1,RT @DebnamCarey: The fans. Thank you for being there with Lexa - for your love and support.  You're the reason we get to play. #the100,fans thank lexa love support reason get play
1,RT @Reymie89: Beautiful portrayal of one of the best female characters on tv atm. Thank you @DebnamCarey #The100 https://t.co/G7V3ttVVMp,beautiful portrayal one best female characters tv atm thank
-1,"RT @OKBJGM: the line about ""owing nothing more to our people"" is my homage to arthur and guinevere's last scene in boorman's ""excalibur"" #t‚Ä¶",line owing nothing more our people homage arthur guineveres last scene boormans excalibur
1,RT @DebnamCarey: Thank you to @JRothenbergTV for such an opportunity and for breaking the rules and pushing to envelope continually. #the100,thank such opportunity breaking rules pushing envelope continually
0,RT @DebnamCarey: @MisElizaJane - my partner in crime and one hell of a leading lady. What a powerhouse.  #the100,partner crime one hell leading lady powerhouse
1,RT @DebnamCarey: The fans. Thank you for being there with Lexa - for your love and support.  You're the reason we get to play. #the100,fans thank lexa love support reason get play
-1,RT @posterheda: We're gonna make art from this pain. #MayWeMeetAgain #the100 @The100writers @DebnamCarey https://t.co/boaQh14cqM,gonna make art pain
-1,"RT @biclexual: My reaction video of #The100 to 3x07 ""Thirteen"" is up! https://t.co/s9cla0FGRg THERE'S LOTS OF CRYING. @JRothenbergTV @Debna‚Ä¶",reaction video 3x07 thirteen up lots crying
1,You guys should go watch Person of Interest now. #The100,guys go watch person interest now
-1,RT @Zyora: Yas did lexa finally died? Time to watch #the100 üíÉüíÉ,yas lexa finally died time watch üíÉüíÉ
0,"RT @DebnamCarey: The actors on #the100, who are beyond supportive, hardworking and blow my mind with their talent! What a lucky playground ‚Ä¶",actors beyond supportive hardworking blow mind talent lucky playground
1,RT @DebnamCarey: Thank you to the whole #the100 team for the beautiful and passionate collaboration of Lexa. It truly takes a team.,thank whole team beautiful passionate collaboration lexa truly takes team
1,RT @DebnamCarey: The fans. Thank you for being there with Lexa - for your love and support.  You're the reason we get to play. #the100,fans thank lexa love support reason get play
1,RT @DebnamCarey: Thank you to @JRothenbergTV for such an opportunity and for breaking the rules and pushing to envelope continually. #the100,thank such opportunity breaking rules pushing envelope continually
0,RT @DebnamCarey: @MisElizaJane - my partner in crime and one hell of a leading lady. What a powerhouse.  #the100,partner crime one hell leading lady powerhouse
1,RT @DebnamCarey: Thank you to @JRothenbergTV for such an opportunity and for breaking the rules and pushing to envelope continually. #the100,thank such opportunity breaking rules pushing envelope continually
-1,May we meet again Lexa. #the100 https://t.co/AKgvo061BI,may meet lexa
1,"RT @JRothenbergTV: I think @DebnamCarey deserves a lot of love tonight, as I know this was hard for her too. She‚Äôs one of a kind. #The100",think deserves lot love tonight know hard she‚Äôs one kind
0,RT @DebnamCarey: @MisElizaJane - my partner in crime and one hell of a leading lady. What a powerhouse.  #the100,partner crime one hell leading lady powerhouse
-1,#Lexa was my fav character but her death doesnt make me want to stop watching #The100 bc the show is NOT about love stories is about tragedy,fav character death doesnt notmake want stop watching bc show love stories tragedy
1,"RT @TeelaJBrown: Due to feedback, will abstain from livetweet. BTS tomorrow. Here's the main one I wanted to get out though. #the100 https:‚Ä¶",due feedback will abstain livetweet bts tomorrow main one wanted get though
-1,THIS IS A FUCKING LOAD OF SHIT!! I CANT BELIEVE IS LEXA DEAD #the100,fucking load shit cant notbelieve lexa dead
0,RT @DebnamCarey: @MisElizaJane - my partner in crime and one hell of a leading lady. What a powerhouse.  #the100,partner crime one hell leading lady powerhouse
0,RT @DebnamCarey: @MisElizaJane - my partner in crime and one hell of a leading lady. What a powerhouse.  #the100,partner crime one hell leading lady powerhouse
-1,May Lexa trend forever and may we meet again. I'm so saaad and I also need a drink! Is it 5 p.m somewhere in the world already? #the100,may lexa trend forever may meet saaad also need drink 5 pm somewhere world already
1,RT @DebnamCarey: The fans. Thank you for being there with Lexa - for your love and support.  You're the reason we get to play. #the100,fans thank lexa love support reason get play
1,RT @clexapower: DONT FORGET THIS!!! #The100 https://t.co/G1ZmF3lA0g,dont notforget
1,Thank you for everything you bought to the show and fandom @DebnamCarey ill always be a fan of yours sunshine ‚ù§Ô∏è #the100,thank everything bought show fandom always fan sunshine ‚ù§Ô∏è
0,"RT @DebnamCarey: The actors on #the100, who are beyond supportive, hardworking and blow my mind with their talent! What a lucky playground ‚Ä¶",actors beyond supportive hardworking blow mind talent lucky playground
-1,Clarke quasi a livello Meredith Grey #the100,clarke quasi livello meredith grey
